id,embedding,reduced_embedding
1927,"[-2.04840279  0.29610205 -4.75702667  2.74638844  0.41101456 -1.03791666
  2.30177498  1.34581459 -4.10475731 -0.45421419 -0.4831849  -1.15747619
 -4.69690609 -0.15904763 -1.23750412  0.45955426]",[-13.548467    3.1726668]
2237,"[-1.311373    0.23273066 -3.61442566  3.06883264 -0.69519931 -1.41725886
  3.155725   -0.8513394  -2.54225039  1.05992758 -1.51715612 -0.92652947
 -2.77835345  0.56635261 -1.96714759 -0.7922104 ]",[  1.704581 -15.367824]
1728,"[-1.68021739 -3.77747011 -3.95522523  2.61608815  0.38145241 -0.13859591
  2.72490048 -1.18894947 -0.67192972 -1.13439751 -2.32880259 -3.32019615
 -2.5661459  -1.29086471 -3.56546664 -1.47291195]",[13.58462  33.776207]
2071,"[-1.73240471  0.10164053 -2.99565125  2.90636563  1.325477   -1.85259354
  3.28439736 -3.64422917 -2.18176842  1.86715794 -2.60525012  0.91675228
 -2.33614206  1.28117788 -2.8056314  -0.34578881]",[10.690695 -8.033519]
1924,"[-2.50739026  1.12895954 -2.80967188  2.37508321  1.20608425 -0.98681742
  2.657408    0.49573338 -2.66668439  0.61094308  0.22732709 -2.41242528
 -5.04176092  0.54225653 -1.96434534  0.97065651]",[-17.644428   -1.1531687]
1718,"[-1.83959067 -0.50405991 -3.07326412  2.47036386  1.15022218 -1.85666406
  3.80373287 -3.43300557 -2.19034266  2.30229473 -2.13331151  1.34226406
 -2.61794662  1.6521852  -2.89033556 -0.14960985]",[10.569122 -8.35816 ]
1665,"[-1.30419028 -1.51671576 -3.85638905  2.68206096  0.69957465 -0.49040624
  2.8621943  -0.287723   -2.69347095 -0.33279178 -0.86836243 -1.69714975
 -4.46334219  0.08525778 -0.4585008   0.50586945]",[-5.523121  -1.3016748]
1835,"[-0.81887937 -1.49370873 -3.38544655  2.90314174  1.70699537 -1.02539825
  2.64440155 -2.19032049 -2.68869066  0.09601621 -1.02935266 -0.75064474
 -4.86359072  0.35939348 -0.72983378  1.06984091]",[-4.454314  -4.0716267]
2249,"[-1.16278863 -1.97435117 -1.85233521  3.42025542  0.77208883 -1.37213755
  4.24420881 -0.75341147 -1.57489097  1.61763525 -1.54626954 -1.23782229
 -3.65259671  0.70848548 -1.03291118  0.01972959]",[ -1.8594825 -12.086498 ]
1922,"[-2.28420234 -0.01871766 -4.54622364  2.7789371  -0.19292341 -1.48844862
  2.84374142  1.26743567 -3.44705081 -0.49242103 -0.87109941 -1.18454289
 -4.32121468 -0.27943331 -1.16325903  0.10061225]",[-13.1959095   4.4225345]
1737,"[-2.55650353 -1.60961497 -3.47699308  2.56791258  1.21659935 -0.06318792
  2.44638038  0.15421602 -1.59688866 -2.35346675 -2.28328371 -1.86436903
 -4.35159969  0.22968671 -2.5943861  -0.47212178]",[ 4.0978146 26.783676 ]
1727,"[-2.33486199 -1.91109574 -2.13514924  2.70002723  2.15300441 -1.24999046
  3.50891042 -3.69901252 -1.5248661   0.87899101 -2.34072852 -0.85416931
 -3.38750124  1.61094046 -2.59577799  0.10567762]",[ 7.205828  -4.2639904]
1970,"[-1.93524611 -3.09910655 -3.39528894  2.43053007 -0.12390586  0.25854453
  3.18457365 -1.06085706 -0.43500015 -0.82262242 -2.21762586 -3.45108891
 -2.45165396 -1.08856761 -4.84167433 -1.91380632]",[11.863987 31.606316]
1919,"[-1.23354447 -0.09383293 -3.04613352  3.64917588  0.91912574 -1.78272045
  3.79981589 -1.2681551  -3.51728725  1.57649767 -2.0460515   0.92668509
 -3.80419421  0.9942953  -1.25184906  0.339829  ]",[  6.8482533 -12.858335 ]
2215,"[-1.59067249 -0.8391673  -2.77284551  2.42366338  3.08027101 -0.58439249
  2.87193441 -1.45937288 -2.58621311  0.27353403 -1.65027738 -0.45810577
 -4.82865429  1.97273803 -1.18799245  0.94979692]",[-5.6155    -4.9950795]
1613,"[-1.61045611  0.073942   -3.52166009  3.48985863  1.11749816 -1.00322664
  1.99859786 -0.86301345 -3.68306327  0.04408312 -0.94983381 -1.77465832
 -4.43888807  0.74499035 -1.31547403  1.45447314]",[-9.862124  -4.6910577]
1895,"[-3.1285069  -1.93414986 -3.3012619   1.93349087  0.22023797  0.22505443
  3.03163481 -0.40788558 -0.86241382 -1.68398428 -1.71131146 -2.41330647
 -3.48080254 -0.94046164 -4.65066004 -1.35155952]",[16.966387 26.833975]
1955,"[-2.37702632 -2.89393044 -3.657969    2.06685209  0.33450064  0.09107322
  3.21189713 -0.65983087 -0.48847726 -1.78922677 -2.07972765 -3.66950297
 -2.95020294 -0.62665701 -4.18112183 -1.56689703]",[13.738115 30.371435]
2201,"[-1.50537014 -0.01601871 -4.66553974  2.70885038  0.32614776 -0.04234006
  2.49851394  0.87777627 -3.66988182 -2.10605049 -0.55339736 -2.03123331
 -5.02552748  0.33186981 -1.20587981  0.52898449]",[-11.428773    2.7586617]
1894,"[-3.2223773  -2.01867485 -3.40946102  2.29290462  0.93313736 -0.15646735
  2.63216496 -0.65639126 -0.71531242 -1.73219812 -1.77108538 -3.43059969
 -3.44511127 -0.76063251 -4.6686635  -1.05620456]",[15.520845 26.872927]
1892,"[-2.10889578 -2.67641687 -3.90771031  2.42201734  0.70924658  0.34338978
  2.66407061 -1.05668592 -0.86371851 -2.01401949 -2.15434313 -2.74194098
 -3.2164762  -0.90227842 -3.80717635 -1.22356319]",[10.632366 28.387272]
1805,"[-1.94365263 -1.74055243 -1.36423779  2.20185852  2.00359106 -1.12065995
  3.01103711 -0.75214553 -1.53847909  2.0450139  -0.4412455  -3.69642568
 -4.21162319  1.04421842 -2.29178596  0.84778541]",[-11.122658 -15.632837]
1908,"[-1.83675253 -1.66313064 -3.48878837  2.84053874  0.6391896  -0.79070753
  3.16918683  0.15098248 -2.36542273 -0.71472347 -1.30177438 -0.95195609
 -4.1470418   0.05560324 -1.23177171  0.31979755]",[-5.0623636 -0.9945309]
1842,"[-1.01035953 -2.42939425 -1.76595926  2.77276468  2.61115098 -0.75741965
  3.02189589 -3.13419008 -1.97030318  0.28124881 -2.14193201 -2.00240278
 -3.72282171  1.93174636 -1.49671209  0.74177587]",[ 5.434484  -4.2610016]
2078,"[-0.37583864 -0.65742552 -2.55240178  3.56195068  1.55290496 -2.0468657
  3.39785314 -3.44017887 -3.12256193  2.16094041 -2.67771387  0.64883703
 -3.63943839  1.88221288 -0.90434426  0.53881907]",[ 8.368469  -9.8826685]
1840,"[-1.17903817 -1.67780781 -1.93763041  3.73633933  1.59294462 -1.05060887
  3.32752705 -2.70540237 -2.51830649  0.98049223 -2.00726175 -0.13511047
 -4.42978048  2.43226361 -1.2879895   0.48304561]",[ 6.8547797 -8.327053 ]
1815,"[-2.79534578  2.36104918 -3.78617835  2.67639732 -0.24520966 -1.19238138
  1.90930486  1.17026067 -3.67782617  0.35704976 -0.31687415 -2.89744043
 -4.98583174  0.74375248 -2.6793766   1.22808063]",[-20.324368    2.0030105]
1938,"[-1.72592676  0.66130066 -4.22704744  2.57932878  1.29816425 -0.25604022
  2.03983951  0.08656259 -3.80082798 -0.80051267 -0.62350941 -1.30666184
 -5.52317762  1.34128511 -1.33345366  1.87854767]",[-11.521816   -1.0595907]
2242,"[-0.67301655 -2.15661764 -3.26927209  3.09862995 -0.27192941 -1.04908895
  3.95488095 -0.60623652 -2.36218309  1.41337693 -1.16607356 -0.51774657
 -2.683882    0.61239988 -1.06640553 -0.20966224]",[  2.140737 -12.873552]
1642,"[-1.76131988  0.26334241 -3.97387719  1.73943186  1.69856238 -0.6084795
  2.50026393  0.58475733 -3.10787773 -0.14995761  0.44045722 -1.77980566
 -5.48813486  0.25582132 -1.36127496  1.06075978]",[-13.52543    -1.5747633]
1694,"[-2.50126266 -2.52215052 -2.94027972  2.09130764  1.73747015  0.31568971
  3.21752906 -0.76107639 -0.39959499 -2.2461772  -2.53371048 -2.36019969
 -3.4262569   0.16982728 -3.4320395  -1.25590062]",[12.365688 26.58825 ]
1931,"[-2.33957434 -1.07498598 -2.29719043  2.91200733  1.55253077 -1.65425062
  3.30042982 -0.11880817 -2.37176561  0.93367749 -0.17674424 -1.52736521
 -4.48108768  1.34065354 -1.06513894  0.72947913]",[ -6.7392154 -11.079827 ]
1821,"[-2.77359915  2.22182703 -4.01092672  3.33564019  0.20565972 -1.41287518
  1.6213398   0.5498656  -4.47707081  1.26612306 -0.21787418 -1.89916468
 -4.85916471  0.5485394  -2.55153155  1.756809  ]",[-21.175764     0.13046932]
2250,"[-0.76866657 -2.05938053 -1.95050287  2.33182645  1.4587574  -0.64122599
  3.88010287 -2.20499539 -0.83972245  2.13797593 -1.01754403 -1.1803093
 -2.88689518 -0.04975856 -2.47296882 -0.0565366 ]",[ 2.5717835 -8.40261  ]
2175,"[-1.29069316 -0.87717009 -4.35766363  4.23927212 -1.15159833 -0.59162849
  2.13007236 -4.18202257 -1.57581758  1.01873469 -4.23712301 -0.34353599
  0.09417754  1.42005122 -4.77784348 -1.66661048]",[14.4059105  2.6884594]
2177,"[-1.19356191 -1.32408214 -4.43190861  3.56846428 -0.59070039 -0.50867504
  2.28986073 -3.83554268 -1.28941238  0.50299042 -4.07360649 -0.45992196
 -0.0665857   0.94607222 -4.84290695 -1.53192377]",[15.188211   2.9755888]
1829,"[-1.64918971 -0.69754899 -1.69337261  2.64185572  1.2916398  -1.43862629
  3.04268193 -1.02560246 -2.78864598  1.84150743  0.01127637 -3.49575496
 -4.90479898  0.28601199 -2.21527719  1.00095689]",[-12.661945  -14.8698225]
1901,"[-3.0390296  -2.01371455 -3.86410189  2.79102516  1.03542793  0.15615043
  2.24522996 -0.00856922 -1.38571084 -2.59044719 -2.16167259 -2.64206791
 -3.39396977 -0.44804159 -4.01263762 -0.91082191]",[ 6.818457 28.73674 ]
1782,"[-2.57053566 -0.88402635 -2.01168203  3.0810926   0.1875553  -1.95431221
  4.05439425  0.6605894  -2.39711046  0.97115088 -0.55843467 -1.24957621
 -4.43468332  0.43490538 -1.1854943   0.16446525]",[ -5.41809  -10.677569]
1777,"[-1.41393292 -2.30363417 -1.90013492  3.26985526  0.9313491  -0.82622147
  3.23063707 -4.05351639 -2.16130352  1.62486172 -2.66994691 -2.05814576
 -2.88797307  2.40063167 -2.83242989  0.17760785]",[ 8.215793  -3.3969717]
2233,"[-1.42169905 -1.65120816 -3.25936651  3.19877863  3.09000778 -0.493907
  2.91125202 -3.20223618 -2.15450978  0.12496918 -3.13442802  0.07595161
 -3.83725834  2.40843987 -2.22845674  0.41952068]",[ 6.6949167 -6.0789156]
1741,"[-2.12007403 -2.7716825  -3.25355911  2.40572023  0.35008201 -0.32538739
  2.71430898 -1.03144002 -0.59500116 -1.47451353 -2.68846107 -3.07097054
 -2.61471391 -1.18189156 -4.03035688 -1.78831589]",[12.83214  31.884005]
1687,"[-2.66915679 -1.63961995 -3.93709517  1.84841001  0.47928736  0.21721321
  2.33457708  0.09829597 -1.34220243 -2.26939559 -2.07358074 -2.08486891
 -3.74310184 -0.61199027 -3.78805399 -1.32393742]",[ 6.6198173 27.730234 ]
2269,"[-0.86837411 -3.11363363 -1.72389245  2.89185476  0.84553438 -1.60607862
  4.39392471 -2.29178023 -0.57247812  1.51950896 -1.18083584 -1.37465858
 -3.12743425  0.44279528 -1.5957309  -1.03542161]",[ 1.9701378 -7.8927283]
2160,"[-2.4435904  -1.43499017 -1.07625711  2.85315299  0.95725274 -1.4025352
  4.32502031  0.13938774 -2.25194764  2.08523083 -1.45975256 -1.43181038
 -4.24529219  1.67171586 -2.39094806 -0.53297091]",[ -4.8996572 -15.756041 ]
1811,"[-2.45746064  2.34946108 -4.0534606   2.41815686  0.67116624 -0.91622674
  1.79604578  0.09914441 -4.59506035  0.85018969 -0.42846087 -1.84919608
 -4.90902853  0.45314795 -2.20468664  1.41022575]",[-20.333433   -0.2609776]
1824,"[-2.00358248 -2.41090822 -1.6446681   2.69017887  1.52783895 -1.00049722
  2.99952316 -0.71260911 -1.98969865  1.91510546 -0.12194405 -3.66206193
 -3.93205523  0.71072185 -2.16628551  0.72376806]",[-10.86547  -15.375495]
2087,"[-1.97045028 -3.58508611 -3.89504099  2.79712057  0.72909355 -0.30117154
  2.72529769 -1.55775595 -0.30846775 -1.77497482 -2.30196023 -3.53759909
 -2.61157846 -1.0889883  -3.95829821 -1.68585575]",[14.960501 33.462063]
2166,"[-3.0400877   0.40171832 -1.43359971  3.60208058 -0.27822492 -1.43614936
  3.23717833 -0.82433158 -2.39198732  3.67680621 -2.45263672 -2.41018677
 -2.16983724  1.80587006 -4.75134277  0.31330836]",[ -2.9544308 -21.10969  ]
1869,"[-1.83855498 -0.80830592 -1.71882522  1.93561232  1.5444169  -1.0724715
  3.08083701  0.03351841 -2.45150161  1.67397094  0.12697588 -3.29068661
 -4.8531661  -0.29379967 -2.00758433  0.49710953]",[-12.937868 -13.984089]
2223,"[-0.34311983 -0.5896734  -2.57933235  3.48864985  1.56683934 -2.17555046
  3.6072247  -3.31306815 -3.03858662  2.67040253 -2.04775643  0.89764172
 -3.50320387  2.05925679 -1.0634129   0.55549997]",[  8.595098  -10.2287655]
1912,"[-1.75757229 -3.17528224 -3.63683414  2.43474555  0.95006037  0.0136269
  2.66943741 -1.85891974 -0.39157531 -1.42722523 -2.54054737 -3.38666439
 -3.02599931 -1.2173481  -3.91098809 -1.74270689]",[15.053315 32.949463]
1810,"[-2.59053779  2.03463745 -3.86121321  2.22300053  0.05768509 -0.69979709
  2.22756624  1.31642711 -4.10997677 -0.02669613  0.03431135 -1.97501528
 -4.83415174  0.65896517 -2.60618019  0.95884103]",[-19.660841    2.1452816]
1681,"[-2.21429181 -0.7340945  -3.69509411  2.60578156  1.31229138 -0.8205958
  2.54825759 -1.18636894 -2.78217292 -0.7490654  -0.9264341  -1.16586995
 -4.44407558 -0.3069455  -2.0625751   0.26077169]",[-4.2276235 -1.5764005]
1969,"[-2.24007607 -3.0818758  -4.00551844  2.78527999  0.24759699  0.19504322
  2.81803417 -1.14345694 -0.62516183 -1.30794609 -2.21864438 -2.77356672
 -2.41302252 -1.12343562 -4.2092514  -1.73342133]",[12.223822 32.910847]
2208,"[-1.48798704  0.14337845 -2.92859221  3.35706925 -0.36363798 -1.59484351
  3.47545815 -0.49312085 -2.39151192  1.68951404 -1.4230442  -0.63415802
 -2.24994874  0.21585378 -2.38288069 -0.79087961]",[  1.0547564 -15.819411 ]
1891,"[-3.4290216  -1.48831391 -3.02117038  2.34337425  0.80440962  0.21219845
  2.86735106 -0.67364508 -0.49887994 -1.61272883 -1.96128631 -2.89775991
 -3.33893824 -0.31001204 -5.33432627 -1.46151626]",[16.29203  25.679592]
2277,"[-1.44835019 -2.81464124 -1.68981743  1.30230117  2.21929049 -0.37695357
  4.17451048 -1.86515641  0.27912846  0.17059468 -1.57909417 -2.15510845
 -3.13511395 -0.20970446 -3.24318337 -1.0324825 ]",[12.502455 22.315464]
1760,"[-2.29797459 -2.51761794 -3.8206327   1.65896881  0.36383438 -0.64056045
  3.29980803  0.06764422 -1.402107   -1.1592989  -1.58692765 -2.59393573
 -2.94049716 -1.25747979 -2.72728801 -1.12945509]",[ 9.096995 24.496403]
1825,"[-2.30919313 -2.28720856 -2.09383488  2.40105033  2.48046255 -0.39191347
  2.86563993 -1.07481444 -1.56540442  1.16765392 -0.36750925 -2.9751792
 -3.93504405  0.66786665 -3.20352483  1.02741718]",[-11.429025 -16.890985]
1746,"[-2.70651269  2.61984348 -3.56811404  2.25220323 -0.1198231  -1.25178063
  2.0498755   0.53441322 -4.48166513  1.7727288  -0.01230013 -1.72643983
 -4.45390987  0.06084673 -3.09240103  1.19222784]",[-21.703577    1.1706915]
1844,"[-1.69408989  0.41295403 -4.48630714  2.80950284  1.06881869 -0.66576922
  2.11625028  0.57534474 -3.74360013 -0.39835471  0.0437125  -1.34877002
 -5.54716587 -0.35073802 -1.47550142  1.10856664]",[-13.825324    0.6025676]
2112,"[-3.17385745 -1.34085512 -3.55533719  1.95422864  1.47805214  0.38764396
  2.50567985  0.13392849 -1.13346255 -2.20294642 -1.86643946 -2.08906031
 -3.63004017  0.0405348  -3.92151427 -0.7230047 ]",[ 5.209263 28.688627]
1597,"[-0.59153211 -1.82210314 -2.6892755   3.37682223  1.31075871 -1.23542452
  3.86272526 -2.67062092 -2.76446891  1.17971992 -2.81769323  0.70638138
 -3.63679695  2.07459164 -1.1466769   0.27360114]",[ 7.4718375 -9.212183 ]
1852,"[-2.1937449  -0.61184496 -3.04777956  2.79821754  2.15660095 -0.94756937
  2.73013163 -0.52294165 -2.574615    0.01661443 -0.33832332 -1.04924452
 -4.729527    1.02215731 -1.32913685  1.06615996]",[-6.960276  -5.7075844]
1941,"[-2.07000113 -1.93120289 -1.87156034  2.43957853  2.41522479 -1.00378454
  3.05446005 -2.06643295 -1.3866564   1.58735502 -0.73713183 -2.94878983
 -3.88283253  0.55612546 -2.83171082  1.16316891]",[-11.087201 -16.797213]
1707,"[-2.70169926 -1.17732561 -3.45951962  2.12720942  2.15664339  0.0904127
  2.32418132  0.17963837 -1.57351065 -2.48481774 -2.45937276 -1.49080598
 -4.22058058  0.48112226 -2.82616925 -0.56101155]",[ 3.1534302 26.77576  ]
1646,"[-0.7042262  -2.38531184 -3.16741776  2.95857334  2.06313276 -1.21184373
  3.00666475 -1.95723939 -2.18739772 -0.49646696 -1.75255311 -0.91472971
 -4.18969584  0.91081136 -0.44474778  0.03227856]",[-2.9597914 -4.28763  ]
2151,"[-2.52616358  1.80857205 -3.31994843  2.68224907 -0.44267827 -1.28491604
  2.11291122  0.66684383 -4.14408016  0.72932869 -0.17615645 -2.35169244
 -4.9224844   0.16693825 -2.69943953  1.12735069]",[-20.086912    1.2638284]
1823,"[-1.92375779 -0.88538522 -2.1404016   2.46466947  1.68800879 -1.01184475
  2.95385933 -1.5464015  -1.98354197  2.10999179 -0.34388196 -3.16889358
 -4.22585535  0.15680632 -2.95307517  1.11717355]",[-12.357869 -15.871845]
2198,"[-2.36235023 -2.83877873 -3.54525661  2.47765684  1.37025511  0.00773878
  2.86489892 -1.18516922 -0.92147917 -2.1858139  -2.6850245  -2.10284472
 -3.52891874 -0.34887722 -3.44363451 -1.44980693]",[11.062708 26.858507]
1858,"[-1.98530924 -0.94476473 -3.0975821   2.59191465  0.776133   -1.41007197
  3.3959136  -0.77991688 -2.98183274  0.60386258 -0.54719508 -2.12859416
 -4.44065142  0.10697263 -1.18402839  0.27647999]",[-6.6345186 -7.802407 ]
2161,"[-2.35149264 -1.11593223 -0.9642539   2.4559772   1.9523232  -1.10421705
  4.2567606   0.77641189 -1.72484839  2.3427422  -0.96917641 -0.91709888
 -4.30392551  1.79814565 -2.37955713  0.19361103]",[ -5.345991 -16.031918]
2278,"[-2.09034157  1.13071418 -4.01796198  1.53477764 -0.05415804 -0.72118735
  2.5314672   1.69849277 -3.49520922 -0.03460399  0.37074256 -2.4254849
 -4.47774649 -0.38388014 -2.7844708   0.87051553]",[-18.989838    2.8353684]
1861,"[-1.83583713 -1.38370275 -2.51696277  2.75031066  0.80662709 -1.26253676
  3.30126023 -1.58896661 -2.25752616  0.10876192 -1.18912959 -1.16337502
 -4.29825878  0.54367292 -1.59658229 -0.13029492]",[-3.121995 -8.054379]
1763,"[-1.76569021 -2.25222754 -2.36060357  2.62219596  2.01709819 -1.09008682
  2.73244953 -1.35189128 -1.91034567 -0.0522716  -1.54080486 -1.87742484
 -3.73344564  0.5110358  -2.156533    0.35029987]",[-2.3714643 -6.970773 ]
1634,"[-1.06555259 -0.24445209 -3.91993904  3.1002419   1.87986743 -0.54221952
  2.01623702 -0.54834652 -3.27312231 -0.09461597 -0.48153192 -0.95311803
 -5.7557354   1.77496552 -0.29350373  1.93838155]",[-9.013268  -2.7948654]
1903,"[-3.39998579 -1.94600987 -2.89898467  1.94900095  1.17730057  0.33459991
  2.8977232  -0.35266146 -0.28025246 -1.4878366  -1.91988313 -3.15336418
 -3.04958773  0.07780123 -4.95572042 -1.07043862]",[15.396598 25.744799]
1886,"[-2.34426594 -2.59513545 -3.47902441  2.57281923  1.10236478 -0.16609222
  2.71978617 -1.05327046 -0.83601421 -2.14324093 -2.59539628 -2.48737025
 -3.16452432 -0.77187777 -4.07765055 -1.19745123]",[11.0218525 27.806622 ]
2226,"[-0.30422339 -1.2193445  -2.73125529  3.8026185   1.39121473 -1.8732084
  3.83878279 -3.23440027 -2.87710166  2.51966619 -2.30775213  0.75796133
 -3.25934243  1.40948689 -1.16903818  0.26680335]",[  8.203835 -10.374173]
1979,"[-1.84550524 -2.80655122 -0.97371197  3.37989473  1.9611814  -1.44934726
  3.77093601 -3.16073179 -1.41475892  1.51623678 -2.18951154 -1.10291946
 -3.26587129  2.40958714 -2.24366999  0.04642894]",[ 6.8702345 -3.424243 ]
1972,"[-1.6358211  -3.42341828 -4.18093348  2.71612239  0.33415961  0.11067508
  2.31720686 -1.33918869 -0.56097561 -1.79458725 -2.3793571  -3.27878451
 -2.85253048 -1.54615414 -3.91825509 -1.69319069]",[13.988141 34.362625]
1781,"[-2.61004877 -1.78612006 -1.8343513   3.30094647  1.32942045 -2.28236985
  3.82254004 -0.8054238  -1.74487269  1.83524096 -0.58864486 -1.8093214
 -3.63867211  0.56124449 -1.40801597 -0.13000862]",[ -4.683319 -13.022305]
2274,"[-1.37264824 -1.1082865  -3.67494988  2.01301742  0.56241995 -0.89315122
  3.88389921 -0.34346813 -2.02750611  0.61151809 -0.84469742 -1.05352855
 -3.04219913  0.10201854 -1.5777235  -0.62157971]",[  1.1039778 -13.396816 ]
1933,"[-1.51777768 -1.13515806 -2.9077301   3.05129528  2.84157562 -0.35609317
  2.6001792  -3.41999435 -1.89990807  0.34921178 -2.42054129 -0.48609608
 -3.43429542  2.93112969 -2.34437346  1.14069211]",[ 6.554996  -5.8063316]
1611,"[-1.82501495 -0.19967547 -4.2738986   2.66120768  0.21576634 -0.31281227
  2.30923128  0.48112041 -3.29389048 -0.86851615 -1.08397782 -1.30212939
 -4.26119423  0.2180173  -1.72146916  0.75436318]",[-10.816565    2.7153397]
2263,"[-0.85447001 -0.86246723 -2.93813157  2.31572032  0.93754411 -1.21386743
  3.61084628 -2.1312325  -1.87375033  0.49062663 -1.76762247 -0.16569711
 -3.80736566  0.58689237 -1.03167248 -0.24646652]",[ 0.2287858 -9.969513 ]
1648,"[-1.87153387 -0.55905336 -3.933635    2.92037535 -0.28691778 -1.39012051
  3.32444167  1.03736591 -3.2669642  -0.33010608 -0.60630751 -0.90066582
 -4.60033894 -0.16642541 -1.09495246  0.14442681]",[-13.152933    4.8429656]
1807,"[-2.69791889  1.81717825 -3.68445206  2.42526579  0.52159768 -1.25255704
  2.37706089  0.99833894 -3.69373631  0.48745567 -0.23448721 -2.51740456
 -5.22718573  0.50655347 -2.33804655  1.27355492]",[-19.443123    1.3718467]
1883,"[-3.13043451 -1.69571233 -4.13308001  2.41274071  0.67747146 -0.0271253
  2.40004587  0.16713993 -1.36519289 -2.256464   -2.18064451 -2.40563989
 -3.35117459 -0.60292125 -3.48532653 -1.02566826]",[ 6.58722  28.216288]
1783,"[-2.46729612 -0.77570528 -2.33934522  3.16162157  1.38742471 -1.68822432
  3.58524466 -0.32532489 -2.43236327  0.54916954 -0.78575456 -0.93816984
 -3.95350623  0.65482992 -1.75145829  0.60626411]",[ -6.142391 -10.989351]
2152,"[-2.26738453  0.87777442 -3.9131918   2.33371639  0.49246794 -1.43954968
  2.68081903  0.44375706 -3.94619727  0.34764996  0.09443204 -1.30083537
 -4.86914396 -0.55075473 -1.68422568  0.50811988]",[-16.05898     1.6375328]
1701,"[-2.87424827 -1.68818343 -4.18432093  2.44017124  1.10254765 -0.04422822
  2.20298076  0.3051787  -1.89870262 -2.93482733 -2.128829   -1.95714962
 -4.35934258 -0.31042019 -2.60461473 -0.61877096]",[ 5.108047 26.327131]
1680,"[-1.38190806 -2.25665975 -2.68321729  2.13203025  2.11694527 -0.90644127
  3.21168208 -2.334373   -1.88557577  0.24307773 -1.69273067 -1.80169213
 -4.00140905  0.36326882 -1.2471956  -0.18389574]",[-1.3982382 -6.8924227]
1609,"[-2.01407909  1.14175069 -4.62618637  3.46780443  0.67551953 -0.12981662
  1.73841178  0.6668703  -4.24283266 -1.06108344 -0.87286431 -0.80834717
 -5.42805052  1.38944864 -2.14846969  1.3319236 ]",[-11.890937    -0.02693525]
1753,"[-2.66283917 -1.8808167  -2.78991342  1.90623081 -0.13594002  0.04036114
  3.01976442 -0.14463423 -0.48856142 -1.44188094 -1.89030337 -2.97755361
 -3.32285619 -0.92498523 -4.89895487 -1.35021925]",[17.258804 26.553398]
2257,"[-1.83453262 -1.00730026 -2.07476926  2.94684577  0.63785589 -0.85811996
  3.72027659 -1.23896992 -1.51777399  1.38235426 -0.72304225 -2.0108912
 -3.58491945  0.37141466 -2.41267133 -0.16220631]",[ -2.5801492 -14.253808 ]
1959,"[-1.75393534 -3.29776144 -3.72134781  2.42207503  0.60217875 -0.18858775
  2.84056377 -1.7512002  -0.49425736 -0.85940999 -2.59846091 -3.29473782
 -2.68301225 -1.24579883 -3.87617183 -1.67888129]",[14.301717 33.60368 ]
1888,"[-3.04166079e+00 -1.36884236e+00 -2.74057102e+00  1.93533456e+00
  5.63224375e-01 -1.72705535e-04  2.80055499e+00 -4.83456552e-01
 -6.64022803e-01 -1.04347014e+00 -1.96086812e+00 -2.66209364e+00
 -3.51969838e+00 -4.95572686e-01 -5.20011520e+00 -1.43825269e+00]",[16.911257 25.669086]
1720,"[ 0.31610635 -2.88204145 -2.62222552  3.76545858  0.14343776 -0.98329175
  3.63235974 -2.26160717 -3.01961946  0.39059341 -2.96561193 -0.83561873
 -3.43672848  2.01215053 -0.58157516 -0.02969536]",[  9.68799  -12.101713]
1806,"[-2.45951486  2.00500393 -3.54604387  2.41580296  1.41776645 -0.55190128
  2.03193784  0.20085439 -4.45143175  0.54423028 -0.12417045 -1.4285599
 -5.86126041  1.79023373 -1.9617914   2.02578449]",[-20.200436  -2.040551]
1880,"[-3.16933084 -1.29597485 -3.80888891  2.16418624  0.75417763  0.04233482
  2.19154525  0.61828882 -1.54453146 -1.9336803  -1.92649114 -2.42136836
 -3.58313847 -0.52729058 -3.73584747 -0.88025445]",[ 6.0383196 28.617609 ]
1797,"[-2.18083596  0.9080016  -4.43224096  2.61846948  0.48196861 -1.32224751
  2.53275728  0.13238472 -4.11224222  0.24429673 -0.01322242 -1.23703349
 -4.72042465 -0.69726241 -1.3492744   0.82350355]",[-15.488073   1.725124]
1859,"[-2.27092218 -0.21303247 -3.66746044  2.60928464  0.78408474 -1.43240941
  3.02032518 -0.3172833  -3.13878012  0.49672195 -0.49464118 -1.09667432
 -3.88009501 -0.07079435 -1.38324106  0.76779079]",[-7.967699 -7.993292]
1872,"[-1.82302094 -3.03826737 -3.70375848  2.42013621  0.409996    0.14956096
  2.76912928 -0.72203553 -0.15634286 -1.17101014 -2.56870651 -3.04082179
 -2.7277329  -1.31626618 -4.01429653 -1.64936531]",[13.479486 32.10574 ]
1836,"[-1.44602644 -1.66492116 -2.95917726  2.27765846  2.20767665 -0.56484163
  3.14983058 -1.61095321 -2.41345334  0.14492543 -1.41241336 -0.8364113
 -5.04245949  0.62457556 -1.33765614  0.74736053]",[-4.5902395 -4.9234915]
2244,"[-1.91948092 -1.34208047 -2.5394063   2.92352176  1.04558682 -1.40177381
  4.03876686 -0.78017819 -1.64956725  2.09480715 -1.8010416  -0.73468041
 -2.82248116  1.13287401 -1.27451468  0.69862056]",[  3.6459587 -11.497742 ]
2270,"[-1.04176736 -2.43214846 -1.64709616  2.9225812   0.85996372 -1.22156882
  4.43793058 -2.44686151 -0.93367678  1.7672596  -0.83416849 -1.34936607
 -3.28155041  0.83585823 -2.10965133 -0.3900815 ]",[ 2.2663798 -7.8727946]
2264,"[-0.53825223 -1.39746261 -3.36366272  2.84992743  0.01069906 -0.88102472
  3.67752266 -1.79632139 -2.01271081  1.28283918 -0.78195143 -0.61819524
 -3.23642159  0.34810075 -1.52827895  0.29375604]",[  1.6644309 -12.118663 ]
1711,"[-1.8910315  -3.14260793 -4.12465858  2.76062512  0.18023817 -0.05132698
  2.74158835 -1.30812359 -0.87169093 -1.07742715 -2.44962907 -3.20811224
 -2.51361895 -1.3669101  -3.88170791 -1.57510173]",[12.9720745 33.65823  ]
1971,"[-1.70872653 -3.48412442 -3.83452868  2.44215965  0.67824918  0.09161675
  2.76739264 -1.49457562 -0.20075445 -1.06331563 -2.35312176 -3.4193511
 -2.77897215 -1.60751915 -4.14999771 -1.74568272]",[14.326107 33.2134  ]
2069,"[-1.49652052 -0.28415689 -2.60677886  2.92304802  0.90854776 -2.25043154
  4.05458927 -1.47822618 -3.05356002  2.42950606 -1.70580137  0.00583191
 -3.63785362  0.72158951 -1.30555725  0.20705178]",[  6.2572136 -12.267512 ]
1846,"[-1.51803553  0.42241055 -4.17751217  2.43238378  1.76477253 -0.31130597
  2.32109427  0.75855815 -3.61542583 -0.13572153  0.03339139 -0.96279913
 -5.65278244  0.55878037 -1.21445799  1.27440619]",[-13.184193   -1.0660087]
2234,"[-1.39517677 -0.85557795 -2.28495049  3.25573611 -0.65887821 -1.47118604
  3.87376308 -0.5051443  -1.28986037  1.83805943 -1.56558406 -0.83746386
 -1.90694499  0.53852731 -2.37553406 -1.36444211]",[  0.28294668 -15.802     ]
2167,"[-2.47001982  0.18640307 -1.32395673  3.95846987  0.1858169  -0.99145335
  2.95541334 -1.54310238 -2.61833692  3.05200672 -2.74740005 -2.61130118
 -2.92409801  2.18658638 -4.60988331  0.48542941]",[ -3.0786183 -21.890982 ]
1816,"[-3.02244449  2.21101236 -3.63554573  2.49799943 -0.02040079 -1.24170947
  1.73067474  0.62925595 -4.15794992  1.08211386 -0.39160979 -1.98616683
 -4.54600286  0.54652703 -2.95611525  1.49544966]",[-21.015265    1.0722078]
2181,"[-1.47691596 -1.09894419 -4.49292707  3.87702703  0.22617796 -0.02811148
  2.2199769  -4.14349127 -1.20340765  0.18666163 -4.24022532 -0.43123201
 -0.66981882  1.7640754  -4.89592075 -1.15723789]",[15.496264  2.068456]
1904,"[-3.01929903 -1.8966471  -2.8825388   2.27120399  0.4445585  -0.05374882
  3.04604316 -0.46481782 -0.43155178 -1.4267962  -1.88850474 -2.89427614
 -3.2735877  -0.40813741 -4.99582529 -1.08626628]",[16.520655 26.193453]
1884,"[-2.7760613  -1.45556152 -3.83656597  2.14234161  0.98623568 -0.09474296
  2.38106298 -0.45653322 -1.28835464 -2.50879431 -2.08596563 -2.04849124
 -4.20405769 -0.45610097 -3.73910403 -1.10256231]",[ 5.915046 27.342726]
1780,"[-2.19451833 -0.45775151 -2.49145317  2.79707766  1.91111577 -1.71828127
  3.312639   -0.18922189 -2.54920197  0.63169688 -0.83376193 -0.63646162
 -4.57578135  1.4282763  -1.13750648  0.54670906]",[ -7.0455165 -10.256414 ]
1733,"[-1.86165392 -2.68955874 -4.05613899  2.21235991  0.72637457 -0.4145976
  2.93908    -1.12399614 -1.35149431 -1.78684998 -1.64126289 -2.15229225
 -3.15405536 -1.1615417  -3.14792967 -1.15099573]",[ 9.384459 25.6913  ]
1799,"[-1.57986975 -0.05913225 -4.38059235  3.18231678  0.47885415 -1.06998336
  2.06892514 -0.11021494 -3.79552031 -0.32190943 -0.65778697 -0.95974845
 -4.68504858  0.07975423 -0.88174129  1.0794692 ]",[-12.011097    1.9151305]
1854,"[-0.6632008  -2.50529099 -3.66789985  3.06526017  1.491364   -0.69473577
  2.56610417 -1.94644034 -2.8523109  -1.09416926 -1.91647124 -1.37149394
 -4.62439251  0.69317877 -0.21684664  0.44158316]",[-3.42054   -3.5681436]
1826,"[-1.88860774 -0.97516167 -1.76414645  2.08544779  0.55700338 -1.2635144
  3.25819802 -0.478659   -2.2991159   2.24838114  0.62202239 -3.07133698
 -4.39433432  0.14146462 -2.4119339   0.57047546]",[-12.10108  -14.083773]
1772,"[-1.16262913 -1.44198287 -3.72884893  3.46051598  1.58091104 -0.92415291
  2.69416904 -0.47123033 -3.33755755 -0.89920747 -1.29400587 -0.64036173
 -5.47638226  0.44904077  0.10301287  0.80115151]",[-5.9667387 -2.7315798]
2091,"[-3.31011415 -0.8610239  -3.63001323  1.82743227  1.00977993  0.20212349
  2.3767674   0.44802538 -1.11400771 -2.39480972 -1.87964487 -2.56108999
 -3.75328732  0.1132001  -4.08907032 -0.6704284 ]",[ 5.400443 29.083036]
1755,"[-2.35576606  2.46663713 -3.55850172  2.77461815 -0.08692906 -1.7163887
  2.02316332  0.3758907  -4.53542519  1.36174655 -0.52294582 -1.82018781
 -4.98488712  0.33198079 -2.08913207  1.32413685]",[-21.494713     0.43082967]
1778,"[-1.8618809  -1.72312284 -1.8668561   3.32807159  1.210572   -0.96868294
  3.29736853 -4.00898361 -1.27404666  1.51939476 -2.88528109 -1.86312008
 -2.66245556  1.73753047 -3.13718009 -0.370208  ]",[ 8.404838  -3.5805414]
2165,"[-2.70917177  0.45218608 -1.72557878  4.06738043  0.10444765 -1.23927653
  3.06491518 -1.33919382 -2.73589444  3.28603315 -2.26410174 -1.63644814
 -2.41443968  2.21591949 -4.57603407  0.55982089]",[ -2.908582 -21.72933 ]
1832,"[-1.94337535 -0.31563365 -1.8242718   2.41649318  0.98122543 -1.21913457
  2.86094165  0.07766195 -2.47636342  1.90938354 -0.33806357 -3.52140379
 -4.50269938 -0.17859684 -2.33225131  0.07033369]",[-12.697666 -13.671724]
1864,"[-1.03397202 -0.82908535 -4.43698978  2.53516769  0.8148241  -0.93383718
  2.70147586 -0.41050282 -2.83336735 -0.95019364 -0.53205448 -1.436041
 -4.4291029   0.53436619 -0.34170049  0.45928732]",[-6.047821  -1.1475368]
1812,"[-2.22656703  2.51599789 -3.69468403  2.75514746  0.6874755  -0.88522243
  1.7448945   0.37301636 -4.44561911  1.1736896   0.29711062 -2.02674818
 -5.57493353  0.36552766 -2.31870222  1.7632792 ]",[-20.673927    -0.67927855]
1789,"[-2.34267092 -0.39126274 -3.16766953  3.64773369  0.81960446 -2.09515858
  3.15307355 -0.11300123 -2.85742068  0.33267027 -0.68217659 -0.88788539
 -4.53952789  0.15321526 -0.87161613  0.42566136]",[-7.5403824 -8.923202 ]
2066,"[-1.76457119 -0.21450959 -3.02926683  2.59527326  1.80567765 -1.89496768
  3.71585512 -3.30182028 -2.30470252  2.0140388  -2.33041573  0.95282894
 -2.88684893  1.22408557 -2.40827394  0.38031077]",[10.060755 -8.376761]
2200,"[-2.2351656   0.49559417 -4.55602121  2.78635311  0.91416425 -0.38461447
  2.47281265  0.82821912 -3.32971859 -1.42375648 -0.60175776 -1.41994953
 -5.70003128  0.74267364 -1.25311375  1.07687914]",[-11.212051    0.6957792]
2153,"[-2.10381174 -1.78329587 -1.59312737  2.01025939  2.06613588 -1.11891079
  3.15361357 -1.35785508 -2.03385329  1.3430742  -0.82435209 -3.55655479
 -4.4825325   0.39548722 -2.04943347  0.40518001]",[-11.450087 -15.816304]
2222,"[-0.70511216 -1.1264677  -2.76249838  3.18465972  0.76825386 -1.82185912
  3.83360124 -2.90092278 -2.4120388   2.3377049  -1.81281817  0.23833489
 -2.85123873  1.50488567 -1.24641514  0.17890108]",[  7.4465857 -10.829406 ]
1962,"[-2.06480336 -2.99930859 -3.62835336  2.20681858  0.52105302 -0.07758973
  2.91687155 -0.51137286 -0.25417247 -1.03351736 -2.09237933 -3.45868492
 -2.75323939 -1.24666381 -3.97503924 -1.37024236]",[13.430667 31.440514]
1952,"[-2.71804571 -2.92597175 -3.35881352  2.25824046  1.40298688  0.14558424
  3.08112788 -0.99605662 -0.14358445 -1.57698035 -2.48627853 -3.50270391
 -2.89986563 -0.39932448 -4.36811256 -1.18645012]",[15.029731 29.173258]
1943,"[-1.65110087 -1.020666   -2.62603498  2.8560555   2.26419115 -0.15136786
  2.29213428 -1.82775354 -2.80432129  0.42386681 -1.3528316  -1.75483704
 -4.61467552  1.61514437 -1.46643925  1.16910768]",[-5.4440045 -5.338319 ]
1923,"[-2.12859368  1.29698431 -3.17716384  3.7984755   0.52236825 -1.046821
  2.19350696  0.45799592 -3.85408235  0.50761259 -0.32084519 -1.43443692
 -5.19269276  0.35218301 -2.08879137  1.137959  ]",[-18.308498     0.05031976]
1784,"[-2.70584249 -1.75414968 -1.87114227  2.9885385   1.22082973 -2.10420322
  4.02709866 -0.3063049  -1.66694129  1.78942347 -0.36240369 -1.58614683
 -3.96789789  0.68676794 -1.34846365 -0.27744499]",[ -4.8816705 -13.216649 ]
1700,"[-1.30635512 -0.83992165 -4.01940489  3.01745152  1.75861883 -0.64662999
  2.44789982 -0.70844209 -3.62532592 -0.26869044 -0.60016352 -0.67334062
 -4.82183743  1.10963905 -0.80769205  1.58243048]",[-8.319408  -3.2840123]
2178,"[-1.28947258e+00 -1.21449852e+00 -4.16508055e+00  3.77006912e+00
 -2.15156153e-02  3.00614815e-03  2.45991826e+00 -4.36747789e+00
 -1.00684845e+00  5.61713539e-02 -4.64150715e+00 -6.33502007e-01
 -3.48294348e-01  1.87893164e+00 -5.14449263e+00 -1.41312659e+00]",[15.6484785  2.4627328]
2273,"[-1.26801598 -2.24816751 -1.61364889  2.19840789  2.48311019 -1.29421794
  3.98112917 -2.29698133 -0.28440011  1.53700614 -1.03531349 -1.45069659
 -3.26409292  0.06707002 -2.20895004 -0.33766058]",[ 2.6496723 -7.547074 ]
2115,"[-1.06986892 -1.27352059 -4.76863241  4.16745567 -0.69074368 -0.13992295
  2.12577319 -4.57312965 -1.37546754  0.46780431 -4.60035372 -0.77628464
 -0.38333735  0.90564269 -4.70951128 -1.364815  ]",[14.977385   2.5502954]
1925,"[-1.86399686  1.26990199 -3.34183145  3.01861167  0.28397757 -1.04547548
  2.1505425   0.10738656 -3.74210906  0.50506485 -0.12753722 -1.91622651
 -5.41628504 -0.23519227 -2.02034855  0.85214132]",[-17.65888      0.35073078]
1682,"[-2.73896074 -1.80516517 -3.91341949  2.06497502  0.48887601 -0.19820864
  2.40549302  0.18633075 -1.31970906 -1.87712693 -2.14747858 -2.20427585
 -3.50713015 -0.54464287 -3.39546323 -1.07733774]",[ 6.7108045 27.82907  ]
1851,"[-2.03862262 -3.18198371 -3.03930998  2.3418963   2.28715634 -0.20049649
  3.27349401 -1.87395823 -0.08833703 -1.07629514 -2.45525718 -2.70384264
 -3.33343124 -0.28349411 -3.04660273 -1.08634198]",[12.389095 24.069841]
2180,"[-0.9704721  -1.29632115 -4.45903206  4.45143604 -0.53728795 -0.47052759
  1.8932184  -4.57925558 -1.72467446  0.37034115 -4.3824563  -0.69801313
 -0.29244372  1.52306151 -4.53761196 -1.44787312]",[14.770898   2.0362363]
1855,"[-1.7369802  -2.50402761 -4.59778118  2.78451324  1.16995716 -0.09634896
  2.14691138 -0.93642378 -1.64619195 -1.97259116 -2.04192901 -3.0303278
 -3.81272364 -0.8389883  -1.97070742 -0.76136148]",[ 7.61879  25.322145]
2211,"[-2.11165237 -0.00866855 -4.70167351  2.61637926 -0.02592115 -0.92361945
  2.34343004  1.02291417 -3.86533689 -1.23518097 -0.38358781 -0.9444015
 -4.64475489 -0.35538226 -1.5394814   0.39001644]",[-12.59307     3.4675407]
1944,"[-1.40061843 -1.97621953 -3.24770689  3.49927616  1.53282535 -0.72938371
  2.89350629 -0.93706989 -2.60060167 -0.28209081 -1.18507087 -1.32837677
 -4.80409575  0.52069283 -0.66008687  0.60693216]",[-4.5768933 -3.1785138]
1640,"[-1.54920638 -1.34059429 -3.26458883  2.71791983  2.53834987 -0.0708817
  2.85405636 -0.93115687 -2.44806671  0.13647978 -1.4852277  -1.21792579
 -4.74257755  1.59266675 -1.24540401  1.32017136]",[-5.6781673 -4.8994083]
1808,"[-2.41049933  2.43558073 -3.48741913  2.93838191  0.90056634 -1.68655741
  1.79752326  0.02959965 -4.62857628  1.48276043  0.02539954 -1.76089191
 -5.09119606  1.06643343 -2.52881455  1.88663626]",[-21.329676   -0.8354319]
1775,"[-1.36885309 -0.23022233 -1.48748267  2.66315985  1.46813929 -1.3195008
  3.10911345 -3.0379467  -1.27506387  1.99672985 -3.31689453 -0.97770715
 -2.94810891  1.31841528 -3.06811357 -0.14186692]",[ 9.376853 -4.374819]
1814,"[-2.48023081  2.13272858 -3.45083117  2.84459496  1.19570625 -0.76483601
  1.88295269  0.43391126 -3.85366559  0.98806512  0.00693011 -1.88615131
 -5.60168171  1.39905429 -2.20712733  2.06103063]",[-20.23591    -1.6025357]
1926,"[-2.49349165  0.93731695 -2.81739306  3.02719498  0.41565871 -1.37419951
  2.72818446  0.83532894 -3.57045221  1.11891615 -0.04014885 -2.11537647
 -4.99329758 -0.08919886 -2.06208324  0.61568409]",[-17.813562     0.93874836]
1965,"[-1.78763795 -3.39435863 -4.17225742  2.30676699  0.5274114  -0.17250715
  3.20469093 -0.93069464 -0.02093627 -2.08208728 -2.33269596 -3.45771217
 -2.48461914 -1.14640749 -3.84425259 -1.88317561]",[15.005181 32.08119 ]
2276,"[-2.17049551 -0.41653717 -3.31719065  3.49307728 -0.21020201 -1.71370912
  3.63390994  0.00468106 -2.19804215  0.75431424 -1.60118759 -0.75651968
 -2.52422929  0.6507864  -2.38839054 -0.76754475]",[  1.5488282 -15.888039 ]
1618,"[-1.93572474  0.15291725 -4.3404994   2.68438768  0.05205581 -1.17006183
  2.71156716  1.32790697 -3.8323679  -0.14819793 -0.37451676 -1.33958375
 -4.7845068  -0.25580186 -1.01455104  0.20482162]",[-13.764262   3.824671]
2163,"[-2.36135125 -1.78551531 -1.69321346  2.68739367  1.54258394 -1.18906069
  3.98457122 -0.21744087 -1.69875348  1.42300546 -1.13795137 -0.45759302
 -3.98162103  1.36339986 -2.72306132  0.04120383]",[ -5.0495524 -15.010134 ]
2262,"[-1.30825281 -1.09189594 -3.9587152   2.78469634 -0.45584047 -0.61647254
  3.76457381 -0.74569315 -2.16995358  0.83483964 -1.03504837 -1.593557
 -2.3181076  -0.10165462 -2.28194666 -0.18387008]",[  1.2360853 -14.059883 ]
2229,"[-0.56654894 -1.23355007 -2.32505178  2.84192109  0.87634951 -1.97627819
  3.8951242  -3.05294394 -1.95858252  2.33845615 -1.5795294   0.76287878
 -2.79720283  1.36759043 -1.20722222  0.12194432]",[  7.5528874 -10.707737 ]
2258,"[-1.92267966 -2.57669353 -2.17681599  1.60322583  2.08485985 -0.47059405
  3.76896906 -1.10399258 -0.05313785  0.43708128 -1.34771061 -2.5590024
 -3.23593688 -1.29641855 -3.08923817 -0.95341408]",[12.446866 22.271187]
1722,"[-2.86169171 -1.48761284 -3.41817188  1.95611453  2.28788066  0.11651113
  2.52870631  0.14365843 -1.18224251 -2.69126582 -2.60566044 -1.60697329
 -4.15183783  0.8168872  -2.65771985 -0.50503588]",[ 2.821452 26.867155]
2246,"[-0.77582133 -1.56688261 -2.94036818  2.62306976  1.13852882 -0.58451861
  3.18083501 -2.05766082 -1.47692895  2.04913855 -1.70745981 -1.92483079
 -2.20353603 -0.11829665 -2.71115088 -0.6833272 ]",[  2.0506063 -10.280175 ]
2183,"[-0.90948939 -1.45823967 -4.35347176  4.25983953 -0.543338   -0.70341146
  2.16251159 -4.58526325 -1.37439394  0.47863227 -4.24455023 -0.24652226
 -0.70697129  0.89199036 -4.50501633 -1.49997258]",[14.519483   2.3229887]
1897,"[-3.20754266 -2.09047008 -3.28351188  2.46772504  1.22543812  0.25814641
  2.98506856 -0.24886939 -0.32507518 -1.51564026 -1.85035658 -2.99626923
 -3.11725497 -0.35794958 -4.78588772 -1.30227554]",[15.293591 26.351936]
1899,"[-3.41791868 -2.02911901 -2.7114985   2.14870143  1.22863054 -0.18258309
  3.32319379 -0.64447439 -0.03975473 -0.89117926 -2.18036175 -2.96123791
 -3.22262764 -0.21916369 -4.85906458 -1.05854809]",[15.705642 25.142405]
2067,"[-1.53817952 -0.79034311 -2.82385707  2.56679893  1.0833627  -2.42889619
  4.51759052 -1.6720171  -2.49352384  1.89961755 -2.08169341  0.46565652
 -3.17859769  1.06198096 -0.89451385 -0.16324337]",[  6.4374356 -11.818169 ]
1961,"[-1.89342773 -3.3963995  -3.78391361  2.20501518  0.25291848 -0.08568728
  3.0560236  -0.96819347 -0.16000371 -1.3476851  -2.58014083 -3.04550815
 -2.84653115 -1.30848801 -4.28989744 -1.60362136]",[13.86033  32.193127]
1624,"[-2.14528799 -0.02841642 -2.53898263  1.60386097  0.91978264 -0.53457719
  3.01870298  0.69163859 -2.2779367   0.66879296  0.18243711 -3.30921936
 -4.97239447  0.34036583 -2.80106831  0.6749745 ]",[-14.2060995 -13.402414 ]
2231,"[-1.25975585 -0.58322608 -3.28810787  3.2867887  -0.69294077 -1.18015945
  3.62365246 -0.72204435 -2.34648776  0.93240869 -1.18123591 -1.35540307
 -2.68554115  0.06701756 -2.20235062 -1.11755335]",[  1.2031499 -14.881369 ]
1779,"[-2.73203564 -0.86234361 -2.64598012  3.15580177  0.72152621 -2.40311837
  4.0181098  -0.09288402 -2.45172668  1.02004766 -0.68483651 -0.6927647
 -3.84991527  0.33172077 -1.03974533  0.19457547]",[ -5.0199466 -10.845448 ]
2170,"[-2.73407602  0.4394933  -1.20276153  3.425143    0.7002188  -1.31638277
  3.35661435 -1.07198966 -2.37392235  2.88548589 -2.72178411 -2.02956271
 -2.7745266   3.10054135 -4.14095783  0.53328836]",[ -3.6643329 -21.909367 ]
1730,"[-2.46030378 -3.11224651 -3.26743102  2.36459708  1.23930204  0.26657593
  3.1229291  -1.36059999  0.05691418 -1.64476728 -2.60650253 -3.64302516
 -2.76105213 -0.62610239 -4.57272863 -1.63878024]",[15.2569275 30.004951 ]
2248,"[-1.05292618 -1.63033879 -3.07808447  3.12810016  0.84588528 -1.03825688
  3.62832642 -2.21490335 -1.38970339  1.99884665 -1.50915134 -1.95923054
 -2.58865499 -0.22530918 -2.5062151  -0.11188109]",[  2.0029397 -10.324448 ]
2252,"[-1.97635591e+00 -9.64630306e-01 -1.48554730e+00  2.67299604e+00
  3.67299706e-01 -1.01879513e+00  3.82097983e+00 -7.15400577e-01
 -1.39176297e+00  2.11097002e+00 -1.39074504e-01 -2.00936699e+00
 -3.38246942e+00  4.61850315e-01 -2.72088623e+00 -2.15645321e-03]",[ -2.6938808 -14.579969 ]
1939,"[-1.85271752  0.53461957 -5.32652617  3.517344    0.60217053 -0.61347878
  1.83989978  0.16426474 -4.04292345 -1.20901763 -1.11927938 -1.01567805
 -4.9005456   0.34311351 -1.99608994  1.13561535]",[-12.1015      1.1170468]
1809,"[-2.12816834  1.64215446 -3.6847291   2.63845515 -0.06581959 -1.42764342
  2.1575253   0.59597355 -4.4240222   1.17893243  0.1935301  -2.14625072
 -4.59813356 -0.09320715 -1.99325001  1.00429547]",[-19.597868     0.72179633]
1905,"[-0.88198632 -2.47819614 -2.43587494  2.58555222  3.49157476 -0.72182232
  3.12162662 -3.85964942 -1.34389019  0.76003742 -2.82730961 -1.10824502
 -3.5505867   2.21799135 -1.62900078  0.19546457]",[ 6.0153966 -4.7874556]
2232,"[-1.26432669 -1.62043321 -2.77574086  2.83516669  3.11498237 -0.18794097
  2.93055224 -2.69850183 -1.92832232 -0.09594111 -3.07933664  0.66474825
 -4.16102123  2.71078491 -1.51966083  0.63414365]",[ 6.385721 -6.404054]
1957,"[-2.24825096 -3.10401702 -3.80861568  2.34560609  0.66004491 -0.26749772
  2.568717   -1.08780646 -0.80822289 -1.0138123  -2.03277087 -3.81273103
 -2.6289773  -1.39866054 -3.74367285 -1.25566852]",[12.336664 33.782314]
2188,"[-0.6526159  -2.8664484  -2.22626686  3.80489278  1.92532945 -1.52352154
  3.42200208 -4.64814854 -1.21236849  1.24228537 -2.87179065 -1.67705989
 -2.65521407  1.71911108 -2.17422867 -0.52982283]",[ 7.9372745 -3.0744584]
1699,"[-1.01369822 -2.69238067 -2.27468324  3.09297132  2.4874506  -1.14933014
  3.01385355 -3.44285274 -1.25443363  0.07844532 -2.13884449 -1.17389822
 -4.37872744  0.92476928 -1.48050952  0.20559594]",[ 4.9226985 -4.3414655]
2063,"[-1.38003719 -0.11560497 -2.8173945   3.16624117  1.79548609 -2.62058759
  3.91659093 -2.44071698 -2.51234555  2.09088874 -1.74444366  1.52199638
 -3.19167209  1.76721132 -1.42699516  0.28684562]",[ 9.406492 -9.910664]
1712,"[-2.46656966 -2.89955401 -2.98547125  2.36783338  1.60400152  0.02453176
  2.8959775  -1.09024823 -0.46646622 -2.20944548 -2.57385492 -2.22854733
 -3.24438691 -0.32834223 -3.84892106 -1.32879257]",[11.926945 26.945835]
1743,"[-3.04043221 -1.5366205  -3.21834421  1.65788412  1.97308779  0.07408135
  2.895643    0.47951818 -0.98082554 -2.51135826 -1.97322333 -1.7717855
 -4.28908587  0.83021557 -2.33106875 -0.16981967]",[ 2.738586 27.408604]
2228,"[-0.84585249 -0.52786815 -3.04061794  3.62959194  0.25010633 -1.83045101
  3.45901871 -2.21917319 -3.42614388  2.36798072 -1.9718076   0.1491002
 -2.54644251  2.10398746 -1.18625009  0.52207905]",[  7.8504915 -11.734361 ]
1857,"[-2.30772161 -3.11897707 -3.51742268  1.99925387  1.43024886  0.11967406
  2.86721039 -1.88112533  0.10466799 -1.39840031 -2.37267518 -3.38150144
 -3.31336427 -0.32601035 -4.58218145 -1.5164324 ]",[15.914415 29.822268]
1967,"[-2.0343852  -3.47435021 -3.80834389  2.52463484  0.27469376 -0.27160621
  2.77667236 -0.69008207 -0.67128766 -1.35738289 -2.11698365 -3.11970997
 -2.63126183 -1.18062997 -3.76377439 -1.92135882]",[13.112702 33.03289 ]
1638,"[-1.70813715  0.33102494 -4.65721512  3.06948137  1.10407603 -0.62975508
  2.21481609  0.15162021 -3.97449732 -1.06058502 -0.85184908 -0.95730305
 -5.17891932  0.43733227 -1.47305     0.96708387]",[-12.001484    1.0470327]
1856,"[-2.00496149 -2.76424575 -2.95255899  1.75260425  0.71308059  0.24391335
  3.06815505 -0.61019945  0.04062461 -1.82955503 -2.07400107 -3.31731176
 -3.24991584 -0.61828029 -4.30029964 -1.56104279]",[13.943733 29.395365]
1664,"[-1.89542627 -1.17792571 -2.58662367  2.71484303  1.52930391 -1.48120737
  2.88308167 -2.11599445 -2.33628893 -0.01890787 -0.90987033 -1.87330329
 -4.55334854  0.34654272 -1.48234761  0.12053503]",[-3.6052973 -7.28625  ]
1754,"[-2.04184484 -2.63670087 -3.44773293  1.66008472  0.43016699 -0.69502962
  3.60455275 -0.42678887 -1.11652958 -1.04412067 -1.64420378 -1.72177517
 -2.94771314 -1.32420671 -2.85481691 -1.39716923]",[ 9.355643 24.47919 ]
1739,"[-2.22475123 -2.60595441 -3.89156985  1.96960354  0.63836569 -0.06304192
  3.03112507 -0.45182577 -1.19140732 -1.57602084 -1.5550077  -2.0711441
 -3.41419959 -1.18268239 -3.04800463 -0.98967534]",[ 9.170889 25.328115]
1942,"[-2.37949967  0.70970178 -3.23907042  3.0329082   0.5703423  -1.48994982
  2.75400209  0.03099667 -3.55841517  1.06612945 -0.20020048 -1.80471694
 -4.81075287 -0.12062474 -1.75255239  0.44913551]",[-17.174316    0.8531752]
1795,"[-2.23603058  0.96932489 -4.04553652  3.15452862  1.15740192 -0.94381714
  2.34105921  0.51668686 -4.21337652 -0.15951942 -0.15335685 -1.36338806
 -5.42660666 -0.00666854 -1.49637878  1.4152149 ]",[-14.558127    0.3210648]
1820,"[-2.43416429 -3.00477362 -2.84239745  2.16439056  1.55622566 -0.12119416
  3.18762946 -0.92866701 -0.03633332 -0.90302998 -2.29554176 -3.84807634
 -3.05010462 -0.47862816 -3.89339924 -1.11598289]",[14.892121 28.7677  ]
1958,"[-2.47765088 -2.8294549  -3.45268917  1.92859995  1.48060918  0.19895007
  2.98667717 -1.4943068   0.13496828 -1.30959845 -2.315552   -3.56071997
 -3.04667711 -0.60133547 -4.67106295 -1.40288341]",[15.545818 29.533024]
1729,"[-2.45954442e+00 -1.69222462e+00 -4.28143740e+00  2.70737219e+00
  1.08390248e+00 -3.08543537e-03  2.08677053e+00 -1.96502820e-01
 -1.76890516e+00 -3.03554988e+00 -2.49027133e+00 -1.90026760e+00
 -4.22277737e+00 -2.96658278e-01 -2.71404386e+00 -5.19922853e-01]",[ 5.075147 25.890865]
1659,"[-2.10126328 -1.87885177 -2.16694283  2.56808829  2.43167686 -1.06791329
  2.68747282 -1.63768446 -1.1022011   1.68373477 -1.13470352 -3.58756876
 -3.69348001  0.14619456 -3.07414651  0.55267572]",[-10.905583 -16.896381]
1650,"[-2.09218478  1.57129872 -3.42142463  3.25537181  0.7503286  -1.005355
  2.12559462  0.40366518 -3.75239468  0.56306398 -0.51828671 -1.69862175
 -5.27540016  0.30006537 -2.19517446  1.27730548]",[-18.552223    -0.02924707]
1788,"[-2.09872556 -1.28250957 -2.20195365  3.78655219  1.09351456 -1.99418402
  3.91447973 -0.43453768 -1.72232664  1.04860711 -1.43275535 -0.60674542
 -4.53390455  0.7165907  -1.36902845  0.39067259]",[ -4.321426 -11.63626 ]
1822,"[-2.69256377  1.74500942 -3.37732148  2.55473328 -0.23013544 -1.29724956
  2.23345137  0.88965684 -3.7243557   1.342978   -0.24685572 -2.03604412
 -4.40462971  0.12423569 -2.90238857  1.27203357]",[-20.750349    1.5323874]
1887,"[-2.58012557 -1.97405314 -3.92158771  2.1819036   0.6749689  -0.08393522
  2.36897635 -0.81901276 -0.93886995 -2.22307324 -2.34711242 -2.0649581
 -3.25765133 -0.81099147 -3.65883636 -1.44478631]",[ 8.652954 27.74628 ]
1963,"[-2.03237247 -3.5082233  -3.92038941  2.64684701  0.92081636  0.02026476
  2.85744405 -1.91003907 -0.46001798 -1.52688479 -2.54042745 -3.32271194
 -2.44435287 -0.96073568 -4.22099257 -1.72014999]",[15.466333 33.1872  ]
1900,"[-3.19823384 -1.73572743 -3.01896119  2.48794556  0.93591428  0.13274612
  2.42794728 -0.36955658 -0.64706993 -1.79462087 -2.16880846 -3.11429286
 -3.54901195 -0.22201642 -5.03530836 -1.24362648]",[15.812441 26.293106]
2240,"[-0.6790694  -1.1954366  -3.1018002   3.95181465  1.95231426 -0.70441741
  2.86898041 -3.34976387 -3.45082831  0.48216867 -2.39490438  0.40363669
 -4.35451889  2.79776883 -1.22747362  0.95437294]",[ 6.7126775 -7.709138 ]
2245,"[-0.86035556 -1.57428217 -3.50775003  2.62058377  0.65432644 -0.64112276
  3.11249089 -1.55382502 -1.5884949   1.04169512 -1.33816218 -1.73369241
 -2.56999779 -0.17378974 -1.85493279 -0.03346125]",[  1.401492 -11.282163]
1902,"[-2.53942394 -2.90041566 -3.81467009  2.35734701  1.19990849  0.16595751
  2.94248629 -1.38412285 -0.11930864 -1.72054207 -2.39430285 -3.3394649
 -2.97142649 -0.46562013 -4.44724989 -1.74878049]",[15.362945 30.257183]
2281,"[-1.21982288 -0.10488447 -3.11958766  1.47253048  0.03632943 -0.94909626
  4.83844471  2.16807914 -3.19456887 -0.82885224 -2.22240686 -0.29429039
 -2.92639303 -0.12169854 -2.75263095 -1.10973608]",[  4.226789 -17.097961]
1679,"[-1.83197153 -0.4362168  -3.16182685  2.53538108  1.54346669 -1.65851343
  2.93509364 -0.89648628 -3.29031134  0.12687558 -0.82302469 -1.71978974
 -5.41990519 -0.02409233 -0.82804579  0.4409987 ]",[-7.631455  -6.7526436]
1758,"[-1.97510219 -2.56004834 -3.77972269  1.60898805  0.36622727 -0.45999658
  3.46199274 -0.52867305 -1.05398583 -1.12667179 -1.58105659 -2.18906426
 -3.29098296 -1.36363745 -2.94705153 -1.18216419]",[ 9.307828 24.70108 ]
2148,"[-2.51306152 -1.68267679 -1.55025721  2.64838052  2.2259109  -1.56796408
  3.95649695 -0.34774524 -1.07463825  1.73321283 -0.5567137  -1.67394805
 -4.08716583  1.05400765 -1.48925757  0.22039381]",[ -5.571208 -13.615193]
1860,"[-1.59536803 -0.02272776 -3.43357778  2.75692534  0.92005056 -1.61991918
  2.74887967 -0.91264391 -3.30888748  0.58592045 -0.56941271 -1.68302751
 -4.68738651 -0.2745876  -0.84432596  0.36243671]",[-7.9217877 -7.1963816]
2070,"[-1.94478178 -0.05685893 -2.96534181  2.35918522  2.60293746 -1.93503022
  3.38562942 -3.71728754 -2.08692789  1.43306661 -2.26169181  0.91291583
 -3.21807671  1.96149242 -2.5384376   0.10822751]",[ 9.856092  -7.4832444]
1690,"[-3.17172408 -1.64428782 -2.92152381  1.9007597   0.90925121  0.20355089
  2.94936943 -0.56575507 -0.04500641 -1.66987622 -2.17314529 -3.06238174
 -3.41067576 -0.13306583 -4.87964773 -1.06935549]",[15.770698 25.852057]
1953,"[-1.77849734 -3.31663203 -3.60229611  2.25121212  0.97093993  0.01681302
  2.90334439 -1.36295247 -0.36051545 -1.52241695 -2.06733155 -3.20390892
 -2.80003142 -1.24843609 -4.14909124 -1.74210107]",[14.560046 32.466877]
2104,"[-2.49116778 -1.63098967 -2.18456125  2.98422027  1.56277406 -2.06502223
  3.66993451 -0.8748064  -2.17315674  1.43603897 -1.08847618 -1.77778137
 -3.95678639  0.74169725 -1.20066917  0.28655535]",[ -5.135244 -12.448276]
2176,"[-0.98536557 -0.99697363 -4.92477036  4.28244925 -0.69295532 -0.15451272
  1.7385416  -4.48912716 -1.54676092  0.13854639 -4.38717508 -0.30252844
 -0.56554389  1.17742991 -4.81443882 -1.51765859]",[15.005588   2.0523458]
2192,"[-1.90761757 -0.34870675 -4.78819227  3.35330749 -0.36687809 -1.13895941
  2.33662605  1.18302226 -3.5198915  -0.89029771 -0.84708655 -1.07952034
 -4.67885923  0.09435429 -0.91596836  0.41381183]",[-12.366778   4.12588 ]
1890,"[-2.75727391 -2.57366443 -3.228791    1.89317775  1.32160401  0.57383448
  2.86689925 -0.6448887  -0.23942891 -2.06991577 -2.14189863 -3.08706784
 -3.45896578 -0.14223292 -4.08448601 -0.73659778]",[13.828616 27.093714]
1845,"[-1.69136918  0.94960046 -4.2330842   2.78923416  1.47553515 -0.71796513
  1.81160235  0.61362821 -3.94653893  0.04076411  0.25446942 -1.41204715
 -5.66278696  0.98327667 -1.2783612   1.71482885]",[-13.958104    -0.77328634]
2189,"[-1.73473537 -0.36673555 -4.19047308  1.98771453  0.55755448 -1.00301754
  2.10330272  0.23397745 -2.70722842 -0.53240985 -0.72685301 -1.95359921
 -4.3580575  -0.73358184 -1.53373039  1.07750213]",[-10.024488    2.8416908]
2073,"[-1.41787457 -0.01562287 -2.97581935  3.42325711  0.79257941 -2.18125486
  3.95142579 -1.22761965 -3.30466962  1.78117228 -1.26861537  1.48506486
 -4.08768702  1.30778039 -1.17037582  0.59430981]",[  6.9620533 -12.946563 ]
1934,"[-2.11824703 -2.87934422 -3.23389268  2.29709792  0.92937845 -0.21678492
  3.12043142 -0.91812116 -1.17694068 -1.70804501 -2.33315277 -1.75146508
 -3.43623447 -0.53737086 -3.12818837 -1.49510455]",[10.317186 26.313078]
1921,"[-1.25970304 -1.09095359 -2.49605823  3.06471324  2.83855605 -0.9715026
  2.6237855  -2.97194862 -3.05696177  0.26456416 -1.97965789 -0.40244389
 -4.70729017  2.32389235 -0.90636778  1.01178062]",[ 6.077504  -7.3705506]
1790,"[-2.77398849 -1.25572622 -1.76481557  2.90594149  2.09096241 -1.7580651
  3.43420339 -0.63181734 -2.24811864  1.12589252 -0.81765109 -1.03815579
 -3.67615867  1.16506612 -1.84594011  0.77341133]",[ -6.317706 -12.302599]
2197,"[-2.19794178 -1.98441553 -1.52841043  2.69265842  2.64332247 -1.32231998
  3.14794087 -3.01632357 -1.82355309  0.76880974 -2.03752041 -1.22906291
 -3.6608696   1.85180247 -2.50750589  0.68839747]",[ 6.5434775 -4.1075854]
1594,"[-2.39989853 -1.30614758 -2.88188648  2.87643695  0.88651377 -2.47618985
  4.14053631 -0.78625143 -1.74413919  0.2829147  -1.18415594 -0.26418543
 -4.05593586 -0.24363518 -1.16303051 -0.14147772]",[ -4.092821 -10.670956]
1918,"[-2.37084103  0.63182938 -3.18162131  3.12008643  1.59867322 -1.52014804
  2.46831107 -0.85334158 -3.63128853  0.86430758 -0.62140989 -0.9613353
 -4.51935434  1.11704576 -1.27468932  1.5327971 ]",[-9.3515625 -5.824128 ]
1813,"[-2.46956205  2.23862243 -3.76147389  3.16668725  0.19845162 -1.28631103
  1.90861273  0.20540814 -4.22277021  1.58399403  0.01705324 -1.99329925
 -5.09339142  0.33945993 -2.60680652  1.73189986]",[-2.1106422e+01  9.6296007e-04]
1697,"[-1.09804797 -0.62779588 -2.93216801  2.97502613  2.81469488  0.1130703
  2.90792918 -2.38305688 -2.67118025  0.36074674 -2.84232831  0.44614929
 -4.65825367  3.26569247 -2.14971375  1.08246088]",[ 6.1629453 -6.709774 ]
1793,"[-1.76404655 -0.12753199 -3.36400151  2.86818838  1.58470917 -1.57170963
  2.76651359 -1.15470517 -3.33046412  0.54260498 -1.12273681 -1.54475868
 -4.86634922  0.89046168 -0.92116702  1.02153754]",[-8.302188  -5.9006763]
1708,"[-1.72309256 -3.20022678 -4.29090929  2.3023634   0.25251848 -0.28581983
  2.66168857 -1.45615315 -0.48311624 -1.38427567 -2.34188414 -2.83862066
 -2.66462326 -1.3373549  -3.73906088 -2.01200318]",[13.386835 34.266247]
2194,"[-2.03102708  0.69029385 -4.72923517  3.40361285  0.67381757 -0.70808685
  2.07172775  0.40591773 -4.22656012 -0.55688465  0.22248209 -1.61132324
 -5.26055956  0.04729488 -1.4500457   1.4561348 ]",[-13.630118     0.84385854]
2236,"[-1.22001207 -0.10086612 -3.01206613  2.90740561 -1.10554171 -1.34302163
  3.4467752  -0.72203249 -1.9383595   1.61439025 -1.20186067 -0.85740745
 -2.19656134  0.16391006 -2.79309225 -0.66759151]",[  0.73159426 -15.4687195 ]
2118,"[-1.95634699  0.01637107 -4.31389523  3.01012325  0.41175431 -0.64673841
  2.43344235  0.52793735 -3.8722384  -0.41602737  0.01175339 -1.72261333
 -5.45571852 -0.12109495 -1.74054813  1.2099973 ]",[-13.925125    1.3271606]
1828,"[-2.01044893 -0.1834891  -1.61583197  2.11980391  1.39513254 -1.07084751
  2.90893936 -0.41499123 -2.64295793  1.77297974 -0.27067786 -3.18004203
 -4.98701048 -0.09383104 -2.75733185  0.55168349]",[-13.056243 -14.241035]
1655,"[-1.65739381 -0.91808969 -3.91556144  1.94284046  2.21530199 -0.54911816
  2.56243825 -0.91798341 -2.22323895 -1.55950403 -1.10845149 -1.12590528
 -4.98216963  0.81932431 -0.86903733  0.5108788 ]",[-6.835485  -2.4097176]
1710,"[-2.60837603  0.3042663  -3.87830925  2.73626542  1.15087259 -0.27193198
  1.80617201  0.82233065 -2.8053534  -1.66593754 -1.5321666  -1.86690295
 -4.85915852  0.78215373 -2.41702628  0.58958608]",[-10.136306    1.4797775]
1725,"[-2.69777703 -0.8032921  -2.70458102  3.19537401  1.16131794 -2.36608791
  4.08897209 -0.20521234 -1.80364776  1.30240047 -0.39265934 -0.71217167
 -3.63517976  0.36456907 -1.34680438  0.33319306]",[ -4.9713655 -11.2434845]
2157,"[-2.18712831 -0.83490169 -2.13268661  3.35515332  0.89620382 -1.2930268
  3.62829781  0.02804687 -2.64276361  2.14005423 -1.04674768 -0.75496233
 -4.05763292  1.30707753 -2.53859663  0.59444797]",[ -6.101358 -15.207236]
1803,"[-1.3206954  -1.74271524 -3.22587824  3.46222901  1.66006351 -1.25026047
  2.6190455  -1.95561516 -2.52198315 -0.43107095 -1.53262162 -1.26899529
 -4.43383026  0.64472359 -0.52385199  0.64366174]",[-3.9780064 -3.7918088]
1964,"[-2.14680886 -3.11432219 -3.67758822  2.55594516 -0.1133333   0.05042432
  2.68587661 -1.16920006 -0.76154792 -1.27814353 -2.40201139 -3.26873732
 -2.76894927 -0.92139405 -4.20187759 -1.49801886]",[12.388112 32.430946]
1691,"[-2.53844571 -2.32696271 -3.03551149  2.0920527   1.59296405 -0.78075027
  3.15176368 -1.65351725 -0.99540693 -0.70669508 -2.0282023  -2.53503871
 -3.39691377 -0.48410222 -3.37665629 -0.01497253]",[11.496593 24.227253]
1949,"[-1.78190637 -0.9881978  -3.68472481  3.25794888  0.99508154 -1.16528583
  2.53071547 -0.94122446 -2.91301942 -0.22929576 -1.2061795  -1.95560062
 -4.49466228  0.32423598 -0.65600121  0.54593807]",[-5.1970925 -2.2290852]
1862,"[-2.41367292 -1.52240884 -1.94408238  2.93136907  1.63221169 -1.86200452
  3.52137518 -0.68477184 -1.92605805  1.36026406 -0.77291197 -1.92176759
 -4.04789829  0.68242705 -1.30432081  0.43312168]",[ -5.4970827 -12.590544 ]
2279,"[-0.4080146  -0.55177319 -3.31750917  2.57769561  0.03545338 -1.29155195
  4.49317598  1.03222275 -3.59017277 -0.18695895 -2.76227427  0.25277019
 -3.1788795   0.91053283 -1.56641638 -0.60548133]",[  4.3615217 -16.773703 ]
2267,"[-0.40913928 -1.42451    -2.81132984  2.60586262  1.12617207 -1.4877305
  3.83861685 -2.41354418 -1.50626802  0.76914954 -1.56756532 -0.45950326
 -3.21040177 -0.01365419 -0.55815679 -1.01149309]",[ 0.40850216 -9.434496  ]
1802,"[-1.34340644 -2.31002545 -2.49636602  2.14994144  1.25882924 -1.10352695
  3.65083575 -1.55843103 -1.76863301 -0.06471652 -1.62230682 -1.04377699
 -3.94806242 -0.09585305 -1.35402167 -0.45298833]",[-1.3210975 -7.8393826]
2251,"[-2.14432096 -1.84557211 -3.78578138  2.45872855 -0.69672453  0.0888758
  3.07247758 -0.64442408 -0.81615847 -1.27632952 -2.62683201 -2.29049659
 -2.09225678 -0.93005258 -4.41601133 -1.88324881]",[10.763496 32.065002]
2064,"[-1.67368138 -0.59886032 -3.02575016  2.64072108  1.91556692 -1.84362483
  3.43318796 -3.89838958 -2.15766048  1.51862395 -2.35421777  1.24180555
 -2.81211185  1.81734121 -2.61078215  0.15480782]",[ 9.965633  -7.8249025]
1716,"[-2.24643588 -3.11590147 -3.07351899  2.10705805  1.97777808  0.25843194
  2.87122631 -0.27703989 -0.45708084 -2.23449421 -2.2764771  -2.56834102
 -3.95243096 -0.20614368 -3.3131299  -0.78166807]",[12.395946 26.295382]
1898,"[-2.72892904 -2.06059718 -2.43640971  2.09282088  0.0472476   0.36046681
  3.15867066 -0.07823808 -0.35924053 -0.39626446 -1.64327657 -2.56857967
 -3.26943874 -0.4862757  -5.25292826 -1.3835113 ]",[17.66822 25.74845]
1668,"[-1.09648919 -0.543024   -3.71519327  3.03301692  1.98940051 -0.95474505
  2.38016844 -1.65049839 -3.91031718 -0.44921544 -1.47413611 -0.49315491
 -5.05295944  1.01853073 -0.86829686  1.056669  ]",[-7.3887706 -3.6048336]
1929,"[-2.22057748 -1.52212393 -1.6663394   1.99324059  2.1568644  -0.99861056
  3.26691437 -1.45140564 -1.12696612  1.34703279 -0.73499334 -3.5880878
 -3.94520783  0.98353404 -2.50938177  0.71122485]",[-11.043604 -16.29428 ]
2168,"[-2.74532175  0.15032066 -1.17546773  4.39487362 -0.27571192 -1.19200766
  3.25596809 -0.86573434 -2.65538955  3.31226444 -2.81454182 -2.51576257
 -2.78563976  1.78623116 -4.60185337  0.00482594]",[ -2.7794616 -21.415936 ]
1800,"[-2.0361011  -0.15170743 -4.05704498  2.72361207  1.7549926   0.07439003
  2.38200808  0.19142713 -3.27558351 -0.5385654  -1.09704828 -0.76623487
 -5.24039745  1.61310995 -1.58974874  1.44243586]",[-10.177854   -1.7539506]
2253,"[-2.10915327 -0.67282343 -1.62831485  2.90623856  0.70093656 -1.51457417
  3.96389604 -1.15254116 -1.35954046  2.67523122 -0.61068428 -1.25540388
 -2.56040454  0.43707493 -2.80852675  0.19650336]",[ -2.5027113 -14.881524 ]
2077,"[-0.75202519 -1.43605316 -2.44848013  3.45198107  1.67206776 -1.41227317
  3.97360182 -2.47791743 -3.08994102  1.88330996 -2.62709856  0.60485923
 -3.62970734  2.27331185 -0.83877671  0.47819525]",[ 7.5794034 -9.479028 ]
2225,"[-0.25150687 -1.33973277 -2.32779932  3.28274465  0.59264147 -2.19979215
  4.04721308 -2.91397381 -2.58445764  2.38762379 -1.97572744  0.59535033
 -3.02917743  1.33097672 -1.0380621  -0.19541146]",[  7.7753377 -10.884533 ]
2235,"[-1.67488039  0.04683144 -3.07116032  2.77395725 -0.47156107 -1.35481966
  3.50599647 -0.42330647 -2.29545522  1.30008864 -1.23267245 -0.89170045
 -2.88816285  0.12459496 -2.55740428 -0.46714044]",[  1.188394 -15.441999]
2265,"[-0.99994224 -0.87467748 -3.27276683  2.76428413  0.25045499 -1.39451575
  3.94627452 -0.61792713 -2.8972497   0.67815977 -1.5943141   0.12781176
 -3.1970489   1.05944002 -0.8385663   0.14404972]",[  3.7563252 -13.351843 ]
2164,"[-2.42167091 -1.70859039 -1.30077028  3.02041507  0.66808313 -1.5274874
  4.43866348  0.26669493 -2.25542164  2.55339336 -0.94509399 -0.78071469
 -3.49518776  1.31934822 -2.66282868 -0.23684449]",[ -4.51816 -15.77127]
1786,"[-2.91031456 -1.22700155 -2.25427842  2.1040988   0.87116373 -1.86788011
  4.2046876   0.15188172 -0.98770094  0.47121158 -0.5273869  -1.29998517
 -3.52420402  0.75927204 -1.95346117  0.08339802]",[ -6.6618505 -13.176777 ]
1670,"[-2.29106522 -0.73168188 -2.53757334  2.50555778  1.0237875  -1.20248628
  3.01160073 -1.23401928 -2.74817753  0.22831479 -0.3911894  -1.8819083
 -4.48294067  0.58419174 -1.75158131  0.2920728 ]",[-5.4635925 -7.763421 ]
2255,"[-0.56597388 -2.43405318 -2.61010337  3.61224365  0.90045547 -0.92695957
  3.92236137 -3.14762926 -0.6795091   1.83439887 -2.68352342 -1.55605483
 -2.02288198  0.41003528 -1.87472999 -0.94833153]",[ 1.9604474 -9.148786 ]
1951,"[-2.40561223 -2.34363222 -3.24702454  2.19244456  0.32582563  0.26395994
  2.59491491 -0.85950136 -0.59483528 -1.07579422 -2.15067506 -3.33279228
 -2.98130369 -1.06597996 -5.04388094 -1.7137953 ]",[12.530167 30.409863]
2203,"[-2.00207949 -1.45275652 -2.35223651  3.10506153  1.49920714 -1.34504998
  3.22281313 -0.24150731 -2.57069492  0.75162423 -0.81664938 -1.96896541
 -4.91779947  0.2158893  -0.87816763  0.73517281]",[-6.1863093 -9.173064 ]
1896,"[-2.85749125 -1.91656172 -3.18119645  1.83209085  0.60942698  0.23421012
  2.89768243  0.0958323  -0.22217119 -1.99985206 -2.01008391 -3.14040923
 -3.3387723  -0.51923716 -4.75072241 -1.34479547]",[16.193445 26.873856]
1968,"[-2.44840097 -3.02166128 -3.96444869  2.25667787  1.01873994  0.40819144
  2.88430119 -1.52909636  0.24421918 -2.34000039 -2.60332298 -3.01369023
 -2.82467484 -0.67059505 -4.50983334 -1.60416651]",[15.852219 30.761814]
1847,"[-2.13219595  0.79155505 -4.36813927  2.78517389  0.76998454 -0.87646854
  2.31410265  0.52199566 -4.00811338  0.06455576  0.07370528 -1.73633242
 -5.33397245 -0.5765835  -1.64395308  0.82830763]",[-14.986261    1.1658823]
1915,"[-2.04328847  0.57050437 -4.47105455  3.24892378 -0.23984241 -1.14801013
  2.49116254  1.16547585 -3.896173   -1.12228394 -0.58148319 -1.21606863
 -4.8335247  -0.40377447 -1.29090643  0.01324496]",[-13.122611    3.7234674]
2119,"[-0.97740495 -2.09371567 -3.1285162   2.58109951  1.42790985 -1.43022299
  3.63097906 -2.78292203 -2.38189125 -0.10473396 -1.89990771 -1.29720902
 -4.02268314  0.11936928 -0.51751351 -0.78015029]",[-0.6113414 -7.754205 ]
2280,"[-0.15398785 -0.57681572 -2.69935679  2.45285869  0.1337063  -1.20420361
  4.79230452  1.41728461 -3.8380239  -0.00849897 -2.3013308   0.29266131
 -4.00780869  1.1371659  -1.20444894 -0.03405437]",[  4.4334826 -16.735447 ]
1734,"[-2.85295773 -2.07184052 -3.76436925  2.24950361  0.83326769 -0.37163624
  2.75834107  0.13275126 -1.5462501  -2.41038728 -2.36422849 -1.4145261
 -3.82748246  0.23321547 -2.51535106 -1.12628019]",[ 4.2402363 27.50475  ]
1973,"[-2.12063456 -3.34462833 -3.45730019  2.99368262  0.66311693 -0.34370816
  2.88562989 -1.72763276 -0.40922984 -1.1809119  -2.41078472 -3.63778281
 -2.41956449 -1.42049897 -4.48395586 -1.97137475]",[15.190129 34.11865 ]
2219,"[-2.81154251 -1.77521658 -3.29032636  2.87114978  1.3637563  -0.07741359
  2.82555866 -0.06067367 -1.13559294 -2.15338802 -2.23149586 -1.93167233
 -4.32051659 -0.43538579 -2.77791357 -0.79789257]",[ 4.6569858 26.973017 ]
1881,"[-3.03991532 -1.24572945 -4.04665136  2.02620053  0.43701345 -0.34543428
  2.45983148 -0.3367593  -1.43180037 -2.36043191 -2.3611064  -1.76884484
 -3.33025432 -0.90756524 -3.83356857 -1.52308059]",[ 7.395811 27.767508]
1885,"[-2.73949337 -2.28812051 -3.15785527  1.90186143  1.68881941 -0.04685643
  2.6891005  -0.69334155 -0.37129608 -1.56579745 -2.24328375 -2.80466676
 -3.38010454 -0.28240153 -4.14524078 -1.27787971]",[13.842655 26.886889]
1843,"[-2.19248486 -0.41458467 -1.69767654  2.08346152  1.57814407 -0.9489888
  3.0442009  -0.00709153 -2.60241199  1.37560666 -0.04274932 -2.94517684
 -5.06586027  0.73526329 -2.65800405  0.95428699]",[-13.695803 -14.293154]
2100,"[-1.81452918  1.11613941 -4.73088598  3.01831841  1.26331067 -1.04972243
  2.26613116  0.172049   -4.18853474  0.29574889  0.04259234 -0.70611912
 -5.63676977  0.29434407 -1.33805859  1.77846479]",[-14.3571825  -0.3103149]
1695,"[-3.00723886 -1.99675298 -3.60084009  2.20606208  1.22111189 -0.16990846
  2.5346067   0.35851061 -1.43577433 -2.54987478 -2.27896762 -1.33645642
 -4.01583815  0.31993729 -2.94060683 -0.71312475]",[ 3.9373646 27.344734 ]
1818,"[-2.6687057   2.08893681 -3.21784568  3.0316186   0.1297465  -0.90217286
  1.83125317  0.72881931 -4.24211788  1.01302433 -0.2702325  -2.20714378
 -4.74571371  0.58691782 -2.8764534   1.41944873]",[-20.51799     0.7895072]
2068,"[-1.85687494 -0.49063882 -2.49129868  2.75015521  0.94397724 -1.58053291
  3.73975587 -3.30748105 -1.8749795   1.92523038 -2.37532425  0.81931049
 -2.43478227  1.23341978 -3.44744754 -0.62060016]",[10.991815  -7.8364162]
1882,"[-2.61267614 -1.91053569 -4.20748615  2.49819684  0.5844723   0.18130307
  2.28204155 -0.2354105  -1.42819297 -2.7801795  -2.17637491 -2.07818794
 -3.7401762  -0.57925081 -3.48994946 -1.30822718]",[ 6.5694113 27.125004 ]
1621,"[-1.31816721  0.57751298 -5.27448606  3.26584935  0.61843395 -0.85566825
  2.31023598 -0.09089321 -4.50575352 -0.78744572 -0.88092399 -0.78419828
 -5.29336357 -0.46327701 -0.91271633  0.61991817]",[-12.666458    1.9719172]
1622,"[-1.94375825  0.59596497 -3.05364585  3.19161773  0.60288483 -0.63252509
  2.31774449 -0.21682696 -3.58865833  0.45757952  0.10727034 -2.407547
 -5.08315897 -0.12562849 -2.10125422  0.79158998]",[-17.154406   -0.0293566]
1865,"[-0.86836702 -1.27158511 -4.00488281  3.04842019  2.48878765 -0.74608433
  2.57334781 -1.71846128 -3.057796   -1.01560426 -1.82678068 -0.93390328
 -4.70904541  0.73873061 -0.30867878  1.07674217]",[-5.7527494 -3.4476032]
2169,"[-2.99079299  0.35831025 -0.92359948  3.23413515  0.28209245 -1.07252347
  3.16413307 -0.70086688 -1.94929552  3.2787056  -2.34160852 -2.47711205
 -2.34532762  2.82698631 -4.61503363  0.53293592]",[ -3.8140483 -21.443605 ]
2227,"[-0.59342015 -0.92175895 -2.79204512  3.42370105  2.04824924 -1.93341303
  3.75241566 -2.88446951 -2.54825926  1.65973032 -1.85165715  1.28232026
 -3.87642884  2.38938594 -0.57992661  0.63605368]",[ 8.265455 -9.397395]
2162,"[-1.98645425 -1.35215795 -0.95889437  2.61435008  1.24475181 -1.14612627
  4.06134224 -0.08983953 -2.57759404  2.02138066 -0.58782172 -0.68570822
 -4.43912315  1.9677459  -2.02121305  0.35424086]",[ -5.5321484 -15.688606 ]
2159,"[-2.15934777 -2.30199766 -0.8217411   2.78163958  0.83742315 -1.41497052
  4.84902239  0.31729415 -1.81147194  2.44317842 -1.24125624 -0.95047367
 -3.54982376  1.07045186 -2.80439734 -0.49563918]",[ -4.3276057 -15.951674 ]
2062,"[-2.16080523 -0.24763323 -2.79556561  2.31238914  1.99801874 -2.0089879
  3.87998128 -3.10338593 -1.4136101   1.49095416 -2.24478149  1.15118015
 -2.62717819  2.02528882 -2.70072627 -0.15350023]",[10.373406  -7.5308847]
2117,"[-2.14637756 -0.28405282 -2.76413131  3.11825061  1.48034608 -1.79550564
  3.0738461   0.09471481 -2.70899105  0.7183671  -0.86091596 -0.49214384
 -4.57288218  0.79443377 -1.37479806  0.71428883]",[-7.1878185 -9.848351 ]
1817,"[-2.56678009  2.05979538 -4.00758362  2.88086128  0.44045526 -1.21288991
  1.48004401  0.36053905 -4.38830757  0.85479778 -0.11093301 -1.91043591
 -4.94249821  0.20284165 -2.30850625  1.65184653]",[-20.357111     0.06201172]
1910,"[-0.51609272 -3.3661716  -2.13162661  2.40376616  1.95799279 -0.90889639
  3.35471702 -2.32174587 -1.39183784  0.26767421 -1.80572808 -2.94586515
 -4.21224213 -0.2480222  -1.15341234 -0.79417485]",[-0.7042622 -6.251559 ]
2190,"[-2.16553712 -3.28734493 -2.55454588  1.968822    2.90502214 -0.16184221
  3.87327123 -2.19101906  0.19219446 -0.1111054  -1.47105718 -2.57884741
 -3.59468627  0.21486951 -3.06413341 -0.36421958]",[12.528969 22.768574]
1748,"[-2.9231987  -1.65089524 -3.69225287  2.4311533   2.00379181 -0.25376076
  2.66482782 -0.50996214 -1.6818229  -2.49808574 -2.4672761  -1.11451399
 -4.10132122  0.22286439 -2.60147333 -0.37366757]",[ 3.3025544 26.152061 ]
2272,"[-0.84451121 -0.18922448 -2.65771079  2.78987503  1.25095105 -2.11329675
  3.65272641 -2.53747988 -2.48398709  1.33688462 -1.20488381 -0.11739331
 -4.08967972  1.03368163 -0.44496047 -0.09916105]",[  5.886472 -11.1407  ]
2224,"[-1.35369337 -1.34569442 -2.41933489  2.84140944  1.45073485 -1.72291255
  3.93178916 -2.31287837 -2.2946012   1.66810751 -1.76524997 -0.63360155
 -3.54609537  1.5118252  -1.18067336  0.25937814]",[  5.122114 -10.68897 ]
2179,"[-1.40281582 -1.41418672 -4.61226511  3.95181036  0.14570197  0.18552329
  2.29150581 -4.12782049 -0.99386668  0.13500714 -4.53564644 -0.68832058
 -0.63183248  1.57354403 -5.08856916 -1.55881894]",[15.647885   2.6258767]
2241,"[-0.52034688 -2.42658687 -3.11448765  2.58211017  0.15040636 -0.68796718
  3.80344391 -0.39018467 -1.83473396  1.28598535 -1.11009443 -0.26633728
 -2.37632751  0.14820957 -1.6773212  -0.09905542]",[  1.9218808 -12.804111 ]
1833,"[-1.87033236 -0.57958418 -1.84904218  1.61816311  2.13772416 -0.63320166
  2.85927415  0.30997106 -2.31297922  1.41026688 -0.02795918 -2.91340613
 -5.37757444  0.80513495 -2.2189858   1.45361745]",[-14.206444 -14.496079]
2105,"[-2.54917598 -1.72023678 -2.0419383   3.07065773  1.74481726 -1.81660819
  3.48634887 -0.50841802 -1.8663826   1.0505203  -1.04126811 -2.04816604
 -4.10467148  0.46780568 -1.6318177   0.01386712]",[ -5.4279823 -12.711781 ]
1801,"[-1.75492525  0.24940147 -4.22415066  2.87102938  1.75942659 -0.59519565
  2.02760124 -0.4756884  -3.21347308 -0.5285542  -0.7504766  -0.72380054
 -5.12411118  1.41786194 -1.04940307  1.30779684]",[-9.577982  -2.2484252]
1948,"[-1.07590127 -2.49341202 -2.15065932  2.60793185  1.92175245 -0.91178769
  3.24668884 -1.82734656 -1.60917509  0.72284555 -1.5651406  -2.37127209
 -4.61960316  0.11235078 -1.05597079  0.23272246]",[-1.253438 -6.456248]
1940,"[-1.8272295   0.42547631 -3.8004663   3.83434653  0.93635607 -0.84924346
  1.82354021 -1.04220653 -3.95863032  0.17290561 -1.13214004 -1.96083891
 -4.75248766  0.85986507 -2.03487134  1.69543445]",[-10.314271   -4.5774994]
1692,"[-2.43967128 -2.51334715 -3.54492283  2.10296822  0.68146604 -0.0801544
  2.88798571 -0.64960587 -1.01284873 -2.01597953 -2.5238409  -2.15268421
 -3.02182031 -0.93093431 -3.85553908 -1.34765375]",[10.336512 27.810356]
1950,"[-1.77570963 -1.24122512 -2.43157983  2.33253121  3.16773891 -1.02098906
  2.60017943 -4.04018688 -2.04322362  0.05721647 -2.41887403 -0.87937051
 -3.78099203  1.65411019 -2.4224577   0.26719412]",[ 6.8215795 -5.089156 ]
1752,"[-2.61222076 -1.56439531 -3.41253114  2.44001198  1.54585493  0.01497854
  2.26914811 -0.60756058 -1.44317222 -2.67050862 -2.84177065 -1.76436639
 -3.87993622  0.05402625 -3.30739975 -0.67034483]",[ 4.058025 25.908548]
1980,"[-1.95926154 -1.93065715 -1.42260492  3.0702045   2.51017332 -0.90124261
  3.52917242 -2.92581296 -1.41535056  1.23720324 -2.46007204 -0.5819962
 -3.78658986  3.05185366 -2.63406324  0.47813183]",[ 6.7434316 -3.915208 ]
1616,"[-2.41143584  0.45425573 -4.18719196  3.18237972 -0.20882283 -1.10830414
  2.92527151  1.69635808 -4.04589128 -0.47010908 -0.14733946 -0.98072547
 -4.67075872 -0.4738175  -1.46113801  0.27702972]",[-14.003204   4.043797]
2247,"[-0.71086943 -0.72040838 -2.51593614  2.84689355  0.26214284 -1.65710783
  3.86292863 -1.50636792 -3.07421279  2.22935987 -1.30697882 -0.73463976
 -3.47984171  1.47643113 -0.70748532  0.36931092]",[  5.550626 -12.159231]
1911,"[-2.28653908 -2.8361609  -3.83968401  2.62004375  0.47434604 -0.05634658
  2.56185508 -0.7994507  -0.72474241 -1.43724573 -2.06294513 -3.32617521
 -2.60394979 -1.23845851 -3.84268093 -1.6263808 ]",[12.687046 32.5432  ]
1819,"[-2.96581125  1.55618405 -3.01375842  2.47600675  1.86796463 -0.80623519
  1.9707638   0.00692458 -3.51931882  0.91959769 -0.27070102 -2.09206295
 -5.42891216  1.77783573 -2.48964047  1.92529547]",[-19.878864   -2.1667647]
2172,"[-2.3741188   0.64783722 -0.97096628  4.08661509 -0.05305204 -1.40350485
  2.98585796 -0.99954867 -2.5609653   3.68276501 -2.39480591 -1.68861675
 -2.79762506  2.4548862  -4.40816927  0.40542457]",[ -3.3045077 -21.18312  ]
1761,"[-2.01701212 -1.55598891 -4.47048473  3.30404043  0.44941097  0.16949774
  1.86802316  0.46610853 -2.81563997 -2.04555821 -1.05603516 -2.31218362
 -4.31981945 -0.13293052 -2.57404304  0.32031786]",[-8.780907   4.6381783]
2103,"[-2.2407825  -1.42197335 -1.76134241  3.38970637  1.58000517 -1.87742877
  3.48917508 -0.57658148 -2.25116372  1.27261293 -0.56490117 -1.55015051
 -3.97707963  1.01260519 -1.3450886   0.45985082]",[ -5.7404404 -12.240082 ]
1877,"[-2.02741265  0.0694515  -4.00003052  2.56679654  2.51841497 -0.88263661
  2.68452072 -1.1917758  -3.1442709  -1.01770997 -1.26611304 -0.82582319
 -5.31501055  1.38104117 -0.62553805  1.15152836]",[-7.7341056 -2.7795901]
2171,"[-2.83988643  0.02707334 -1.06164801  3.84627509  0.7299521  -1.15271497
  3.06858969 -0.86374331 -1.91080952  2.87726498 -2.73329282 -2.13280702
 -2.84508967  3.04617167 -4.35751247  0.08341659]",[ -3.70562  -21.892893]
1930,"[-2.30857086  1.17946732 -3.42407751  2.84150243  0.38082868 -1.28953123
  2.66027236  0.54291242 -3.90108323  0.46152392 -0.27936807 -1.92014647
 -4.99696398 -0.6982075  -1.60464621  0.29867539]",[-16.902248   1.3276  ]
2173,"[-2.45835471  0.60347348 -0.9129917   3.95137906  0.26933777 -1.17005336
  2.91197133 -0.85014004 -2.56298256  3.81843948 -2.4772892  -2.38699794
 -3.10010123  2.55285263 -4.60432529  0.66990155]",[ -3.5203986 -21.212708 ]
1850,"[-1.6984874  -1.16001463 -2.30241227  2.49861217  1.57789028 -1.2715348
  3.75148129 -2.09379101 -1.88330877  1.76161647 -1.23760748 -1.04157078
 -3.16585755  0.95379257 -1.41820335  0.21607652]",[  4.21633  -10.673239]
2254,"[-1.29889405 -1.72663069 -3.29942346  3.01307797  0.97366065 -0.66983128
  3.76472878 -1.51062548 -1.61814773  0.53158349 -1.81863379 -1.05894625
 -3.2258575   0.43172869 -1.19824064  0.0061965 ]",[  0.6213754 -10.835312 ]
1920,"[-0.91523385 -1.86447394 -3.0861845   2.74662256  2.31302857 -1.76756155
  3.58099461 -4.68347597 -1.53714919  0.50542533 -3.29347801  0.15955277
 -3.32528925  1.23941553 -1.48250353 -0.53268993]",[ 8.312859  -5.7813935]
2106,"[-2.77450204 -1.76481557 -4.02379227  2.60524392  1.2817992  -0.20280203
  2.59388804 -0.08834094 -1.44693327 -2.81129122 -2.12863517 -1.33415258
 -4.61818361 -0.52228427 -2.87756562 -0.61715335]",[ 4.6723943 26.369417 ]
2268,"[-1.44010794 -0.45068759 -3.46546817  3.27185202 -0.38929519 -1.18170226
  3.37003183 -0.61850631 -2.24211645  0.72888529 -1.60528851 -1.18763554
 -2.89452171  0.17817585 -2.80134892 -0.7581113 ]",[  1.4113157 -15.066456 ]
1688,"[-2.00447202 -3.12182975 -3.57805824  2.54152298  0.90952456 -0.32938269
  3.06612587 -1.28183472 -0.91771084 -1.65971172 -2.57885242 -2.35351157
 -3.31688523 -0.71172774 -2.96382475 -1.4171356 ]",[10.480538 26.264051]
1626,"[-2.09579873  0.38307562 -5.06659794  2.91109562  0.04562566 -0.70557517
  2.38642931  1.26533008 -4.30651569 -1.47255528 -0.54486221 -1.24503088
 -5.15070629 -0.57614893 -1.51881254  0.08795139]",[-12.835278    3.1637843]
1632,"[-1.54545879  1.15307593 -4.97059155  3.47478342  0.65526062 -0.32266366
  1.78708935  0.36599743 -4.1073947  -0.67287397 -0.31497005 -0.79369497
 -5.26118135  0.78452468 -1.61817968  1.42518198]",[-12.460922    0.2380533]
1928,"[-2.27831268  1.11332428 -2.82435846  2.79343224  0.9487586  -0.70647836
  2.2537694   0.84705216 -3.41810703  0.23674163 -0.22246471 -1.91830134
 -4.88596678  0.23790081 -2.38078332  1.31188655]",[-18.02205    -0.5310345]
1830,"[-2.10926723 -0.50404406 -1.86445296  2.02120852  1.78446937 -0.74782193
  3.06618524  0.08600783 -2.11092877  1.1886605  -0.23532347 -3.40782952
 -5.11666727  0.54986888 -2.34520388  1.07005358]",[-13.806663 -14.317397]
1715,"[-2.53134394 -1.60844147 -3.41587329  2.41742206  1.56464088 -0.00992395
  2.65512633 -0.37377852 -1.40321851 -2.67006421 -2.91680694 -1.24774992
 -4.34282827  0.29645872 -2.97521329 -0.59815645]",[ 3.656426 26.179234]
1764,"[-1.46406543 -0.60060114 -5.0892005   3.94665504 -0.10649106 -1.06330216
  2.18607068 -0.07769796 -3.47232938 -1.37084723 -0.94193256 -1.26687205
 -4.08473063 -0.26793331 -1.17957187  0.9560979 ]",[-11.22957     3.9080582]
1838,"[-2.10144687 -2.96515727 -3.34780455  2.115345    1.2631551  -0.69404286
  3.09937668 -0.83428657 -1.19143987 -1.43070757 -1.9354049  -2.63228059
 -3.38030601 -1.02904248 -2.73754716 -0.87208176]",[10.233694 25.140047]
2217,"[-1.43734837 -0.73049325 -2.96333504  3.09120035  1.24248397 -1.44556201
  2.50832796 -0.99487752 -3.63000345 -0.09088758 -1.24256861 -1.53143978
 -4.81676531  1.33428538 -0.69551635  1.59925365]",[-8.313404 -4.886346]
1684,"[-2.60990357 -2.44249415 -3.45909929  1.96332371  1.02280819  0.0189462
  2.80339694 -0.6975342  -0.55797303 -1.76838088 -2.70521355 -2.35493469
 -3.17209864 -1.24529517 -4.45433331 -1.79368818]",[11.621221 28.545612]
1936,"[-1.03989577 -0.9424141  -3.54259968  2.30698681  2.62071538 -0.47872961
  2.64903593 -1.38379157 -2.78888607 -0.21654454 -0.7189396  -0.56147379
 -5.29999208  1.13203955 -0.74003518  1.40853262]",[-6.569348  -3.9882858]
2243,"[-0.53091395 -2.4757483  -3.16853833  3.08406711  1.06968021 -1.38573611
  3.64417005 -2.23931837 -1.20188808  1.2206291  -2.23133969 -1.02276993
 -2.69372225 -0.14065517 -0.96935004 -1.04290807]",[ 1.0888286 -9.275948 ]
2261,"[-1.91922009 -2.27909851 -0.93003654  2.62643003  1.8312043  -1.55747163
  4.12115526 -2.35829163 -0.76861668  1.75126064 -1.55107081 -1.5651226
 -3.29659796  1.45442235 -2.28682327 -0.26276666]",[ 2.9193828 -6.9863095]
1794,"[-2.1047709   0.41253299 -3.96435285  2.33147001  1.43024051 -0.72437358
  2.60281467  0.44383487 -3.24753404 -0.35059127 -0.08269853 -1.54486895
 -5.18563795  0.33919224 -1.43779111  1.30725384]",[-13.372048   -1.1203233]
2076,"[-1.18040645 -1.7981286  -2.71859527  2.67680454  2.69451571 -1.66147852
  3.43286252 -4.31794643 -2.19318247  0.89538407 -2.92153668  0.14684001
 -3.21581578  2.11531019 -1.69367003  0.277334  ]",[ 8.026203 -5.849776]
2182,"[-1.25148034 -1.08117437 -4.06848001  3.94735765 -1.03802979 -0.38569465
  2.27605605 -3.46577907 -1.32021379  0.41341177 -3.98253918 -1.06302619
 -0.39217332  1.15832341 -4.33298969 -1.62255931]",[14.721107   3.0944886]
1879,"[-2.99233127 -1.30722713 -3.33385396  2.1795013   0.69028771  0.16000883
  2.39366603  0.29600748 -1.59183514 -2.16018271 -2.09355688 -1.95527351
 -3.54019165 -0.28838408 -3.60710406 -1.1068145 ]",[ 5.753411 28.15386 ]
1612,"[-1.79722989  0.68693137 -4.72254992  3.46204448  0.50189781 -0.58276445
  1.94061446  0.30941221 -4.03645182 -0.75505102 -0.25664145 -1.72767675
 -5.1606555  -0.02151494 -1.77787602  0.91442293]",[-13.181662    1.2478822]
1974,"[-2.38276076 -2.82089233 -3.68234324  2.40931344  0.3282254  -0.06814421
  2.71694183 -0.67807996 -0.6133005  -1.01900196 -2.24645185 -3.18448091
 -2.59297276 -1.26462281 -4.52827215 -1.53078485]",[12.571127 31.40906 ]
1667,"[-1.84690714 -1.33538723 -2.54136586  2.38865662  1.77746284 -1.31814623
  2.93054581 -1.88965619 -2.17331982  0.28612483 -0.73292547 -2.07339597
 -4.34385157  0.24875434 -1.75034916  0.19006626]",[-3.4761798 -7.309876 ]
1656,"[-1.83312869 -1.14581454 -2.20626211  2.54531765  1.97522712 -1.70980942
  2.86669993 -2.1111536  -2.03330207  0.25235331 -0.95695704 -1.39191127
 -4.14305973  0.92917615 -1.81851816  0.08061803]",[-3.2339745 -7.3925834]
1831,"[-1.61374426 -0.30563283 -2.29363942  2.29316926  1.4341203  -1.10404646
  2.84489918 -0.76032645 -2.93064213  1.91795039 -0.16606036 -3.49965787
 -4.95353842  0.16569085 -2.40842509  1.07493567]",[-13.094398 -14.880548]
1870,"[-2.06044769 -0.68074387 -1.74097085  1.97551048  1.15155149 -1.19361794
  2.97231054 -0.14915165 -2.20592737  1.04898584 -0.64173788 -2.93333483
 -4.70029879 -0.21750498 -2.29373884  0.08747206]",[-12.953606 -13.46159 ]
1804,"[-2.25196362 -1.34987628 -1.69768322  2.37600565  2.20655656 -1.03389871
  2.8279109  -1.07133818 -2.12762427  1.41101205 -0.33082831 -3.13671589
 -4.54534578  0.91055316 -2.04657483  0.63689637]",[-11.666313 -15.498343]
2271,"[-1.04840553 -0.97984976 -4.34101343  3.37199569 -1.42530429 -0.37219924
  2.40152264 -3.30540085 -0.89161819 -0.2179732  -3.86973715 -0.83085513
 -0.48581693  0.58107096 -4.78033495 -1.72550499]",[15.043155   3.3877892]
2092,"[-1.84051013 -0.38087621 -2.82457042  3.01559734  0.94118506 -1.73664248
  2.91894507 -0.97330874 -3.40738821  0.70075357 -0.83969587 -1.7072432
 -4.89287901  0.4050245  -0.77756661  0.94982338]",[-8.039913 -6.765949]
1960,"[-1.92638314 -3.35710835 -3.63009787  2.70501995  0.36796984  0.11562891
  2.53858256 -1.02917755 -0.66181946 -1.46833539 -2.24944615 -3.10015392
 -2.78037691 -0.98254502 -3.93472695 -1.61461425]",[13.313395 32.8186  ]
2158,"[-2.05410838 -0.20300272 -1.80334187  3.79391813  1.03035164 -1.86570394
  3.62277675 -0.55784547 -3.19642377  2.36429787 -1.54267311 -1.10322428
 -4.63558674  1.68425047 -1.89642799  0.64929628]",[ -6.619593  -15.2358265]
